{"type":"FeatureCollection","features":[{"type":"Feature","geometry":{"type":"LineString","coordinates":[[35.61916,33.18645],[35.610403,33.165053],[35.627097,33.151602],[35.629627,33.139012],[35.621243,33.071613],[35.63096,33.035985],[35.624071,32.906789],[35.612225,32.900013],[35.611199,32.89245],[35.618909,32.890198],[35.579259,32.710794],[35.562705,32.702003],[35.570919,32.688577],[35.562945,32.689422],[35.556646,32.67516],[35.570185,32.653303],[35.560931,32.645618],[35.567942,32.641891],[35.560625,32.637686],[35.567867,32.632956],[35.561371,32.624688],[35.57233,32.614124],[35.5671,32.596645],[35.578145,32.596851],[35.576717,32.568515],[35.570319,32.565745],[35.577367,32.552217],[35.568371,32.550933],[35.571665,32.540148],[35.561183,32.544937],[35.559209,32.531704],[35.567186,32.525029],[35.552643,32.514755],[35.559922,32.507369],[35.562529,32.514516],[35.558356,32.502088],[35.575855,32.496624],[35.580232,32.487561],[35.565512,32.481058],[35.569991,32.477198],[35.562106,32.464576],[35.574127,32.45885],[35.566467,32.452866],[35.566129,32.435862],[35.555513,32.431027],[35.562449,32.424072],[35.551897,32.422405],[35.559171,32.418294],[35.56069,32.401025],[35.546463,32.400654],[35.563391,32.38385],[35.561242,32.363596],[35.552906,32.366234],[35.55959,32.348289],[35.553056,32.321909],[35.563774,32.309687],[35.555065,32.298299],[35.567765,32.283659],[35.557455,32.273209],[35.562658,32.250909],[35.57108,32.251054],[35.560867,32.241472],[35.564066,32.228787],[35.572733,32.229429],[35.566542,32.219445],[35.573902,32.211267],[35.562766,32.204477],[35.570332,32.191659],[35.558549,32.188616],[35.560129,32.173635],[35.553464,32.176938],[35.552101,32.170927],[35.55739,32.167603],[35.547734,32.166504],[35.560698,32.150883],[35.543776,32.142406],[35.551189,32.128342],[35.532467,32.107033],[35.546061,32.082252],[35.533605,32.076675],[35.529732,32.05038],[35.519164,32.047498],[35.522211,32.022341],[35.529155,32.018585],[35.522339,32.013944],[35.52893,32.008869],[35.525408,32.002754],[35.538829,31.995948],[35.532907,31.986366],[35.548343,31.968917],[35.541406,31.958096],[35.545813,31.935675],[35.52651,31.922692],[35.524321,31.907679],[35.534787,31.894454],[35.533036,31.881835],[35.54987,31.87273],[35.536454,31.856369],[35.548966,31.844008],[35.548697,31.823683],[35.53895,31.816223],[35.551522,31.796516],[35.547348,31.783135],[35.558531,31.758222]]},"properties":{"name":"Jordan River","scripture_name":"Jordan River","importance":3,"center":[35.552906,32.366234],"is_water":true,"references":["GEN 32:10","GEN 50:10","GEN 50:11","NUM 13:29","NUM 22:1","NUM 26:3","NUM 26:63","NUM 31:12","NUM 32:5","NUM 32:19","NUM 32:21","NUM 32:22","NUM 32:29","NUM 32:32","NUM 33:48","NUM 33:49","NUM 33:50","NUM 33:51","NUM 34:12","NUM 34:15","NUM 35:1","NUM 35:10","NUM 35:14","NUM 36:13","DEU 1:1","DEU 1:5","DEU 2:29","DEU 3:8","DEU 3:17","DEU 3:18","DEU 3:20","DEU 3:21","DEU 3:25","DEU 3:27","DEU 3:28","DEU 4:14","DEU 4:21","DEU 4:22","DEU 4:26","DEU 4:41","DEU 4:46","DEU 4:47","DEU 4:49","DEU 6:1","DEU 9:1","DEU 11:8","DEU 11:11","DEU 11:30","DEU 11:31","DEU 12:10","DEU 27:2","DEU 27:4","DEU 27:12","DEU 30:18","DEU 31:2","DEU 31:13","DEU 32:47","JOS 1:2","JOS 1:11","JOS 1:14","JOS 1:15","JOS 2:1","JOS 2:7","JOS 2:10","JOS 2:23","JOS 3:1","JOS 3:8","JOS 3:11","JOS 3:13","JOS 3:14","JOS 3:15","JOS 3:17","JOS 4:1","JOS 4:3","JOS 4:5","JOS 4:7","JOS 4:8","JOS 4:9","JOS 4:10","JOS 4:12","JOS 4:16","JOS 4:17","JOS 4:18","JOS 4:19","JOS 4:20","JOS 4:22","JOS 4:23","JOS 5:1","JOS 7:7","JOS 9:1","JOS 9:10","JOS 12:1","JOS 12:7","JOS 13:8","JOS 13:23","JOS 13:27","JOS 13:32","JOS 14:3","JOS 15:5","JOS 16:1","JOS 16:7","JOS 17:1","JOS 17:2","JOS 17:5","JOS 18:7","JOS 18:12","JOS 18:19","JOS 18:20","JOS 19:22","JOS 19:33","JOS 19:34","JOS 20:8","JOS 22:4","JOS 22:7","JOS 22:10","JOS 22:11","JOS 22:25","JOS 23:4","JOS 24:8","JOS 24:11","JDG 3:26","JDG 3:28","JDG 5:17","JDG 6:33","JDG 7:24","JDG 7:25","JDG 8:4","JDG 10:8","JDG 10:9","JDG 11:13","JDG 11:22","JDG 12:1","JDG 12:5","JDG 12:6","JDG 20:1","1SA 10:27","1SA 13:7","1SA 31:7","2SA 2:29","2SA 10:17","2SA 15:28","2SA 16:14","2SA 17:16","2SA 17:21","2SA 17:22","2SA 17:24","2SA 19:15","2SA 19:17","2SA 19:18","2SA 19:31","2SA 19:36","2SA 19:39","2SA 19:41","2SA 20:2","2SA 24:5","1KI 2:8","1KI 7:46","1KI 17:3","1KI 17:5","2KI 2:6","2KI 2:7","2KI 2:13","2KI 5:10","2KI 5:14","2KI 6:2","2KI 6:4","2KI 7:15","2KI 10:33","1CH 6:62","1CH 6:78","1CH 12:15","1CH 12:31","1CH 12:37","1CH 19:17","1CH 26:30","1CH 26:32","2CH 4:17","JOB 40:23","PSA 42:6","PSA 114:3","PSA 114:5","ISA 9:1","JER 12:5","JER 49:19","JER 50:44","EZE 47:18","ZEC 11:3","MAT 3:5","MAT 3:6","MAT 3:13","MAT 4:15","MAT 4:25","MAT 19:1","MRK 1:5","MRK 1:9","MRK 3:8","MRK 10:1","LUK 3:3","LUK 4:1","JHN 1:28","JHN 3:26","JHN 10:40"],"location_variant":null}},{"type":"Feature","geometry":{"type":"Polygon","coordinates":[[[36.1568,33.70139],[36.1341,33.64457],[36.1568,33.62563],[36.17949,33.62563],[36.20219,33.64457],[36.27027,33.72033],[36.24758,33.72033],[36.22488,33.72033],[36.20219,33.72033],[36.17949,33.72033],[36.1568,33.70139]]]},"properties":{"name":"Abilene","scripture_name":"Abilene","importance":4,"center":[36.20219,33.67298],"is_water":false,"references":["LUK 3:1"],"location_variant":null}},{"type":"Feature","geometry":{"type":"Point","coordinates":[44.29833,33.09979]},"properties":{"name":"Accad","scripture_name":"Accad","importance":3,"center":[44.29833,33.09979],"is_water":false,"references":["GEN 10:10"],"location_variant":null}},{"type":"Feature","geometry":{"type":"Polygon","coordinates":[[[44.15765,32.09004],[44.47181,31.81713],[46.67095,31.54421],[46.67095,31.68067],[46.67095,32.09004],[45.57138,32.36296],[45.4143,32.36296],[44.78598,32.2265],[44.15765,32.09004]]]},"properties":{"name":"Babylon","scripture_name":"Babylon","importance":1,"center":[45.4143,31.95359],"is_water":false,"references":["EZR 1:11","EZR 2:1","EZR 5:12","EZR 6:1","EZR 7:6","EZR 7:9","EZR 7:16","EZR 8:1","JER 50:11","JER 50:12","JER 50:22","JER 50:26","JER 50:40","JER 51:27","JER 51:43"],"location_variant":null}},{"type":"Feature","geometry":{"type":"Polygon","coordinates":[[[19.193036,40.524494],[19.465886,39.638205],[20.205498,38.239651],[20.587262,37.733004],[21.557106,36.704092],[23.033584,35.974715],[25.207026,36.532457],[25.863498,36.940073],[25.655728,37.488102],[24.558979,39.405269],[23.010537,39.723406],[21.830035,39.713948],[21.108384,40.141021],[20.516028,40.134024],[19.193036,40.524494]]]},"properties":{"name":"Achaia","scripture_name":"Achaia","importance":1,"center":[22.52827,38.2496],"is_water":false,"references":["ACT 18:12","ACT 18:27","ACT 19:21","ROM 15:26","1CO 16:15","2CO 1:1","2CO 9:2","2CO 11:10","1TH 1:7","1TH 1:8"],"location_variant":null}},{"type":"Feature","geometry":{"type":"Point","coordinates":[35.819389,31.4708]},"properties":{"name":"Aroer","scripture_name":"Aroer","importance":4,"center":[35.819389,31.4708],"is_water":false,"references":["NUM 32:34","DEU 2:36","DEU 3:12","DEU 4:48","JOS 12:2","JOS 13:9","JOS 13:16","JDG 11:26","2SA 24:5","2KI 10:33","1CH 5:8","ISA 17:2","JER 48:19"],"location_variant":null}},{"type":"Feature","geometry":{"type":"Polygon","coordinates":[[[35.641497,31.738839],[35.701387,31.844513],[35.595213,31.965858],[35.605654,32.028979],[35.473661,32.0442],[35.447941,31.960009],[35.398864,31.951947],[35.377756,31.918242],[35.421166,31.893264],[35.430094,31.847714],[35.454051,31.779867],[35.494221,31.751456],[35.641497,31.738839]]]},"properties":{"name":"Dead Sea","scripture_name":"Dead Sea","importance":3,"center":[35.48,31.65],"is_water":false,"references":["GEN 10:19","GEN 13:10","GEN 13:12","GEN 13:13","GEN 14:2","GEN 14:8","GEN 14:10","GEN 14:11","GEN 14:12","GEN 14:17","GEN 14:21","GEN 14:22","GEN 18:16","GEN 18:20","GEN 18:22","GEN 18:26","GEN 19:1","GEN 19:4","GEN 19:24","GEN 19:28","DEU 29:23","DEU 32:32","ISA 1:9","ISA 1:10","ISA 3:9","ISA 13:19","JER 23:14","JER 49:18","JER 50:40","LAM 4:6","EZE 16:46","EZE 16:48","EZE 16:49","EZE 16:53","EZE 16:55","EZE 16:56","EZE 16:61","AMO 4:11","ZEP 2:9","MAT 10:15","MAT 11:23","MAT 11:24","MRK 6:11","LUK 10:12","LUK 17:29","ROM 9:29","2PE 2:6","2PE 2:7","JUD 1:7","REV 11:8"],"location_variant":null}},{"type":"Feature","geometry":{"type":"Point","coordinates":[42.823141,33.643918]},"properties":{"name":"Ahava","scripture_name":"Ahava","importance":3,"center":[42.823141,33.643918],"is_water":false,"references":["EZR 8:15","EZR 8:21","EZR 8:31"],"location_variant":null}},{"type":"Feature","geometry":{"type":"Polygon","coordinates":[[[35.69284,31.64791],[35.62396,31.55916],[35.48621,31.38164],[35.45177,31.29289],[35.45177,31.2633],[35.45177,31.23372],[35.48621,31.05621],[35.52065,31.02662],[35.76172,30.96745],[35.79615,30.96745],[35.83059,30.96745],[35.86503,30.96745],[35.89947,30.96745],[35.93391,30.96745],[35.96835,31.02662],[36.03722,31.2633],[36.03722,31.29289],[36.03722,31.32247],[35.89947,31.64791],[35.86503,31.6775],[35.83059,31.6775],[35.79615,31.6775],[35.76172,31.6775],[35.69284,31.64791]]]},"properties":{"name":"Ai","scripture_name":"Ai","importance":4,"center":[35.7445,31.32247],"is_water":false,"references":["JER 49:3"],"location_variant":null}},{"type":"Feature","geometry":{"type":"Polygon","coordinates":[[[35.69284,31.64791],[35.62396,31.55916],[35.48621,31.38164],[35.45177,31.29289],[35.45177,31.2633],[35.45177,31.23372],[35.48621,31.05621],[35.52065,31.02662],[35.76172,30.96745],[35.79615,30.96745],[35.83059,30.96745],[35.86503,30.96745],[35.89947,30.96745],[35.93391,30.96745],[35.96835,31.02662],[36.03722,31.2633],[36.03722,31.29289],[36.03722,31.32247],[35.89947,31.64791],[35.86503,31.6775],[35.83059,31.6775],[35.79615,31.6775],[35.76172,31.6775],[35.69284,31.64791]]]},"properties":{"name":"Moab","scripture_name":"Moab","importance":3,"center":[35.7445,31.32247],"is_water":false,"references":["GEN 36:35","EXO 15:15","NUM 21:11","NUM 21:13","NUM 21:15","NUM 21:20","NUM 21:26","NUM 21:28","NUM 21:29","NUM 22:3","NUM 22:4","NUM 22:7","NUM 22:8","NUM 22:10","NUM 22:14","NUM 22:21","NUM 23:6","NUM 23:7","NUM 23:17","NUM 24:17","NUM 25:1","NUM 25:2","NUM 33:44","DEU 1:5","DEU 2:8","DEU 2:9","DEU 2:18","DEU 29:1","DEU 32:49","DEU 34:5","DEU 34:6","JOS 24:9","JDG 3:12","JDG 3:14","JDG 3:15","JDG 3:17","JDG 3:28","JDG 3:29","JDG 3:30","JDG 10:6","JDG 11:15","JDG 11:17","JDG 11:18","JDG 11:25","RUT 1:1","RUT 1:2","RUT 1:4","RUT 1:6","RUT 1:22","RUT 2:6","RUT 4:3","1SA 12:9","1SA 14:47","1SA 22:3","1SA 22:4","2SA 8:2","2SA 8:12","2SA 23:20","1KI 11:1","1KI 11:7","1KI 11:33","2KI 1:1","2KI 3:4","2KI 3:5","2KI 3:7","2KI 3:10","2KI 3:13","2KI 3:18","2KI 3:21","2KI 3:22","2KI 3:23","2KI 3:24","2KI 3:26","2KI 3:27","2KI 13:20","2KI 23:13","2KI 24:2","1CH 1:46","1CH 4:22","1CH 8:8","1CH 11:22","1CH 11:46","1CH 18:2","1CH 18:11","2CH 20:1","2CH 20:10","2CH 20:22","2CH 20:23","NEH 13:23","PSA 60:8","PSA 83:6","PSA 108:9","ISA 11:14","ISA 15:1","ISA 15:2","ISA 15:4","ISA 15:5","ISA 15:8","ISA 15:9","ISA 16:2","ISA 16:3","ISA 16:4","ISA 16:6","ISA 16:7","ISA 16:8","ISA 16:11","ISA 16:12","ISA 16:13","ISA 16:14","ISA 25:10","ISA 25:11","ISA 25:12","JER 9:26","JER 25:21","JER 27:3","JER 40:11","JER 48:1","JER 48:2","JER 48:4","JER 48:7","JER 48:9","JER 48:11","JER 48:12","JER 48:13","JER 48:14","JER 48:15","JER 48:16","JER 48:17","JER 48:18","JER 48:19","JER 48:20","JER 48:24","JER 48:25","JER 48:26","JER 48:27","JER 48:28","JER 48:29","JER 48:31","JER 48:33","JER 48:35","JER 48:36","JER 48:38","JER 48:39","JER 48:40","JER 48:41","JER 48:42","JER 48:43","JER 48:44","JER 48:45","JER 48:46","JER 48:47","EZE 25:8","EZE 25:9","EZE 25:10","EZE 25:11","DAN 11:41","AMO 2:1","AMO 2:2","AMO 2:3","MIC 6:5","ZEP 2:8","ZEP 2:9"],"location_variant":null}},{"type":"Feature","geometry":{"type":"Point","coordinates":[35.652,33.249]},"properties":{"name":"Dan","scripture_name":"Dan","importance":2,"center":[35.652,33.249],"is_water":false,"references":["GEN 14:14","JOS 19:47","JDG 18:7","JDG 18:14","JDG 18:27","JDG 18:29","JDG 20:1","1SA 3:20","2SA 3:10","2SA 17:11","2SA 24:2","2SA 24:6","2SA 24:15","1KI 4:25","1KI 12:29","1KI 12:30","1KI 15:20","2KI 10:29","1CH 21:2","2CH 16:4","2CH 30:5","JER 4:15","JER 8:16","EZE 27:19","AMO 8:14"],"location_variant":null}},{"type":"Feature","geometry":{"type":"Polygon","coordinates":[[[35.02333,32.76243],[35.01215,32.76194],[35.0011,32.76046],[34.99029,32.75803],[34.97984,32.75465],[34.96987,32.75037],[34.96048,32.74524],[34.95179,32.73931],[34.94388,32.73265],[34.93685,32.72533],[34.93076,32.71743],[34.92569,32.70904],[34.92169,32.70025],[34.91881,32.69115],[34.91707,32.68186],[34.9165,32.67245],[34.91709,32.66305],[34.91885,32.65376],[34.92176,32.64467],[34.92577,32.63588],[34.93086,32.6275],[34.93695,32.61961],[34.94399,32.6123],[34.9519,32.60565],[34.96059,32.59973],[34.96996,32.59461],[34.97992,32.59034],[34.99035,32.58697],[35.00114,32.58453],[35.01218,32.58306],[35.02333,32.58257],[35.03449,32.58306],[35.04552,32.58453],[35.05632,32.58697],[35.06675,32.59034],[35.0767,32.59461],[35.08608,32.59973],[35.09477,32.60565],[35.10267,32.6123],[35.10971,32.61961],[35.11581,32.6275],[35.12089,32.63588],[35.12491,32.64467],[35.12781,32.65376],[35.12957,32.66305],[35.13017,32.67245],[35.1296,32.68186],[35.12786,32.69115],[35.12497,32.70025],[35.12097,32.70904],[35.1159,32.71743],[35.10982,32.72533],[35.10278,32.73265],[35.09487,32.73931],[35.08618,32.74524],[35.0768,32.75037],[35.06683,32.75465],[35.05638,32.75803],[35.04557,32.76046],[35.03451,32.76194],[35.02333,32.76243]]]},"properties":{"name":"Mount Carmel","scripture_name":"Mount Carmel","importance":4,"center":[35.02334,32.6725],"is_water":false,"references":["JOS 19:26"],"location_variant":null}},{"type":"Feature","geometry":{"type":"Polygon","coordinates":[[[34.64888,31.03223],[34.62235,31.03223],[34.64888,30.96372],[34.86107,30.94088],[34.91411,30.96372],[34.91411,30.98656],[34.64888,31.03223]]]},"properties":{"name":"Amalek","scripture_name":"Amalek","importance":3,"center":[34.76823,30.98655],"is_water":false,"references":["EXO 17:8","EXO 17:9","EXO 17:10","EXO 17:11","EXO 17:13","EXO 17:14","EXO 17:16","NUM 13:29","NUM 24:20","NUM 24:24","DEU 25:17","DEU 25:19","JDG 3:13","JDG 5:14","JDG 6:3","JDG 6:33","JDG 7:12","JDG 10:12","1SA 15:2","1SA 15:3","1SA 15:5","1SA 15:8","1SA 15:20","1SA 15:32","1SA 28:18","2SA 8:12","1CH 18:11","PSA 83:7"],"location_variant":null}},{"type":"Feature","geometry":{"type":"Polygon","coordinates":[[[35.85219,31.95434],[35.85219,31.92407],[35.99338,31.83325],[36.06397,31.83325],[36.20516,31.86352],[36.27575,31.92407],[36.34635,32.04515],[36.34635,32.07543],[36.09927,32.13597],[36.06397,32.13597],[36.02868,32.13597],[35.99338,32.13597],[35.95808,32.13597],[35.92279,32.1057],[35.88749,32.07543],[35.85219,32.04515],[35.85219,32.01488],[35.85219,31.98461],[35.85219,31.95434]]]},"properties":{"name":"Ammon","scripture_name":"Ammon","importance":4,"center":[36.09927,31.98461],"is_water":false,"references":["GEN 19:38","NUM 21:24","DEU 2:19","DEU 2:37","DEU 3:11","DEU 3:16","JOS 12:2","JOS 13:10","JOS 13:25","JDG 3:13","JDG 10:6","JDG 10:7","JDG 10:9","JDG 10:11","JDG 10:17","JDG 10:18","JDG 11:4","JDG 11:5","JDG 11:6","JDG 11:8","JDG 11:9","JDG 11:12","JDG 11:13","JDG 11:14","JDG 11:15","JDG 11:27","JDG 11:28","JDG 11:29","JDG 11:30","JDG 11:31","JDG 11:32","JDG 11:33","JDG 11:36","JDG 12:1","JDG 12:2","JDG 12:3","1SA 11:1","1SA 12:12","1SA 14:47","2SA 8:12","2SA 10:1","2SA 10:2","2SA 10:3","2SA 10:6","2SA 10:8","2SA 10:10","2SA 10:11","2SA 10:14","2SA 10:19","2SA 11:1","2SA 12:9","2SA 12:26","2SA 12:31","2SA 17:27","2SA 23:37","1KI 11:1","1KI 11:7","1KI 11:33","2KI 23:13","2KI 24:2","1CH 11:39","1CH 18:11","1CH 19:1","1CH 19:2","1CH 19:3","1CH 19:6","1CH 19:7","1CH 19:9","1CH 19:11","1CH 19:12","1CH 19:15","1CH 19:19","1CH 20:1","1CH 20:3","2CH 12:13","2CH 20:1","2CH 20:10","2CH 20:22","2CH 20:23","2CH 27:5","NEH 13:23","PSA 83:7","ISA 11:14","JER 9:26","JER 25:21","JER 27:3","JER 40:11","JER 40:14","JER 41:10","JER 41:15","JER 49:1","JER 49:2","JER 49:3","JER 49:4","JER 49:6","EZE 21:20","EZE 21:28","EZE 25:2","EZE 25:3","EZE 25:5","EZE 25:10","DAN 11:41","AMO 1:13","AMO 1:15","ZEP 2:8","ZEP 2:9"],"location_variant":null}},{"type":"Feature","geometry":{"type":"Polygon","coordinates":[[[35.220887,31.869794],[35.209155,31.818554],[35.258554,31.798025],[35.34905,31.790308],[35.365188,31.830728],[35.331441,31.843328],[35.220887,31.869794]]]},"properties":{"name":"Gibeon","scripture_name":"Gibeon","importance":4,"center":[35.28717,31.83005],"is_water":false,"references":["2SA 2:24"],"location_variant":null}},{"type":"Feature","geometry":{"type":"Point","coordinates":[23.847209,40.820159]},"properties":{"name":"Amphipolis","scripture_name":"Amphipolis","importance":3,"center":[23.847209,40.820159],"is_water":false,"references":["ACT 17:1"],"location_variant":null}},{"type":"Feature","geometry":{"type":"Point","coordinates":[35.25758,31.80752]},"properties":{"name":"Anathoth","scripture_name":"Anathoth","importance":4,"center":[35.25758,31.80752],"is_water":false,"references":["JOS 21:18","2SA 23:27","1KI 2:26","1CH 6:60","1CH 11:28","1CH 12:3","1CH 27:12","EZR 2:23","NEH 7:27","NEH 11:32","ISA 10:30","JER 1:1","JER 11:21","JER 11:23","JER 29:27","JER 32:7","JER 32:8","JER 32:9"],"location_variant":null}},{"type":"Feature","geometry":{"type":"Polygon","coordinates":[[[35.23375,31.7875],[35.2332,31.78747],[35.23265,31.7874],[35.23212,31.78728],[35.2316,31.78711],[35.2311,31.78689],[35.23064,31.78664],[35.23021,31.78634],[35.22982,31.78601],[35.22947,31.78564],[35.22917,31.78525],[35.22892,31.78483],[35.22872,31.78439],[35.22858,31.78393],[35.22849,31.78347],[35.22846,31.783],[35.22849,31.78253],[35.22858,31.78206],[35.22872,31.78161],[35.22892,31.78117],[35.22917,31.78075],[35.22947,31.78036],[35.22982,31.77999],[35.23021,31.77966],[35.23064,31.77936],[35.23111,31.77911],[35.2316,31.77889],[35.23212,31.77872],[35.23265,31.7786],[35.2332,31.77853],[35.23375,31.7785],[35.2343,31.77853],[35.23485,31.7786],[35.23538,31.77872],[35.2359,31.77889],[35.23639,31.77911],[35.23686,31.77936],[35.23729,31.77966],[35.23768,31.77999],[35.23803,31.78036],[35.23833,31.78075],[35.23858,31.78117],[35.23878,31.78161],[35.23892,31.78206],[35.23901,31.78253],[35.23904,31.783],[35.23901,31.78347],[35.23892,31.78393],[35.23878,31.78439],[35.23858,31.78483],[35.23833,31.78525],[35.23803,31.78564],[35.23768,31.78601],[35.23729,31.78634],[35.23686,31.78664],[35.2364,31.78689],[35.2359,31.78711],[35.23538,31.78728],[35.23485,31.7874],[35.2343,31.78747],[35.23375,31.7875]]]},"properties":{"name":"Jerusalem","scripture_name":"Jerusalem","importance":2,"center":[35.23375,31.783],"is_water":false,"references":["2KI 18:17","ISA 7:3","ISA 36:2"],"location_variant":null}},{"type":"Feature","geometry":{"type":"Point","coordinates":[36.171743,36.226691]},"properties":{"name":"Antioch (Syria)","scripture_name":"Antioch","importance":3,"center":[36.171743,36.226691],"is_water":false,"references":["ACT 6:5","ACT 11:19","ACT 11:20","ACT 11:22","ACT 11:26","ACT 11:27","ACT 11:29","ACT 13:1","ACT 14:26","ACT 14:27","ACT 15:1","ACT 15:22","ACT 15:23","ACT 15:30","ACT 15:35","ACT 18:22","ACT 18:23","GAL 2:11"],"location_variant":"syria"}},{"type":"Feature","geometry":{"type":"Point","coordinates":[31.189167,38.306111]},"properties":{"name":"Antioch (Pisidia)","scripture_name":"Antioch","importance":3,"center":[31.189167,38.306111],"is_water":false,"references":["ACT 13:14","ACT 14:19","ACT 14:21","2TI 3:11"],"location_variant":"pisidia"}},{"type":"Feature","geometry":{"type":"Point","coordinates":[34.930417,32.105]},"properties":{"name":"Aphek","scripture_name":"Aphek","importance":4,"center":[34.930417,32.105],"is_water":false,"references":["JOS 12:18","1SA 4:1","1SA 29:1","ACT 23:31"],"location_variant":null}},{"type":"Feature","geometry":{"type":"Point","coordinates":[23.469685,40.623703]},"properties":{"name":"Apollonia","scripture_name":"Apollonia","importance":3,"center":[23.469685,40.623703],"is_water":false,"references":["ACT 17:1"],"location_variant":null}},{"type":"Feature","geometry":{"type":"Polygon","coordinates":[[[35.125,31.3258],[35.1195,31.32555],[35.11406,31.32482],[35.10873,31.3236],[35.10359,31.32191],[35.09868,31.31977],[35.09406,31.31721],[35.08978,31.31424],[35.08589,31.31092],[35.08242,31.30726],[35.07942,31.30331],[35.07692,31.29911],[35.07495,31.29472],[35.07353,31.29017],[35.07267,31.28552],[35.07239,31.28082],[35.07268,31.27612],[35.07354,31.27147],[35.07497,31.26693],[35.07694,31.26253],[35.07945,31.25834],[35.08245,31.2544],[35.08591,31.25074],[35.08981,31.24741],[35.09409,31.24445],[35.0987,31.24189],[35.10361,31.23975],[35.10875,31.23807],[35.11407,31.23685],[35.1195,31.23611],[35.125,31.23587],[35.1305,31.23611],[35.13593,31.23685],[35.14125,31.23807],[35.14639,31.23975],[35.1513,31.24189],[35.15591,31.24445],[35.16019,31.24741],[35.16409,31.25074],[35.16755,31.2544],[35.17055,31.25834],[35.17306,31.26253],[35.17503,31.26693],[35.17646,31.27147],[35.17732,31.27612],[35.17761,31.28082],[35.17733,31.28552],[35.17647,31.29017],[35.17505,31.29472],[35.17308,31.29911],[35.17058,31.30331],[35.16758,31.30726],[35.16411,31.31092],[35.16022,31.31424],[35.15594,31.31721],[35.15132,31.31977],[35.14641,31.32191],[35.14127,31.3236],[35.13594,31.32482],[35.1305,31.32555],[35.125,31.3258]]]},"properties":{"name":"Arad","scripture_name":"Arad","importance":4,"center":[35.125,31.28083],"is_water":false,"references":["1CH 2:55"],"location_variant":null}},{"type":"Feature","geometry":{"type":"Polygon","coordinates":[[[36.07666,33.5149],[35.99445,33.23637],[35.99445,33.16674],[36.32326,33.37564],[36.40546,33.44527],[36.07666,33.5149]]]},"properties":{"name":"Aram","scripture_name":"Aram","importance":3,"center":[36.19996,33.34082],"is_water":false,"references":["NUM 23:7","JDG 18:7","JDG 18:28","2SA 8:6","2SA 15:8","2KI 5:18","2KI 6:14","2KI 8:15","1CH 2:23","HOS 12:12","ZEC 9:1"],"location_variant":null}},{"type":"Feature","geometry":{"type":"Polygon","coordinates":[[[38.69072,36.45051],[38.61803,36.45051],[38.61803,36.33198],[38.69072,36.33198],[38.76341,36.33198],[38.8361,36.33198],[38.90879,36.33198],[38.98149,36.33198],[39.05418,36.33198],[38.76341,36.45051],[38.69072,36.45051]]]},"properties":{"name":"Aram-naharaim","scripture_name":"Aram-naharaim","importance":4,"center":[38.83611,36.39124],"is_water":false,"references":["PSA 60:1"],"location_variant":null}},{"type":"Feature","geometry":{"type":"Polygon","coordinates":[[[35.223983,32.521426],[35.241922,32.538288],[35.235226,32.5663],[35.217928,32.585327],[35.202894,32.592342],[35.185306,32.585607],[35.17699,32.572289],[35.178294,32.557863],[35.18627,32.551377],[35.197685,32.546128],[35.210721,32.542298],[35.201695,32.528875],[35.223983,32.521426]]]},"properties":{"name":"Megiddo","scripture_name":"Megiddo","importance":4,"center":[35.20946,32.55688],"is_water":false,"references":["JDG 4:2","JDG 4:13","JDG 4:16"],"location_variant":null}},{"type":"Feature","geometry":{"type":"Polygon","coordinates":[[[35.09,31.51073],[35.08228,31.51039],[35.07465,31.50935],[35.06718,31.50765],[35.05997,31.50528],[35.05308,31.50229],[35.0466,31.4987],[35.0406,31.49455],[35.03514,31.48989],[35.03028,31.48477],[35.02607,31.47924],[35.02257,31.47337],[35.01981,31.46721],[35.01781,31.46085],[35.01661,31.45434],[35.01621,31.44776],[35.01662,31.44118],[35.01783,31.43467],[35.01984,31.42831],[35.02261,31.42216],[35.02612,31.41629],[35.03033,31.41076],[35.03519,31.40564],[35.04065,31.40099],[35.04665,31.39684],[35.05313,31.39325],[35.06,31.39026],[35.06721,31.3879],[35.07467,31.3862],[35.08229,31.38517],[35.09,31.38483],[35.09771,31.38517],[35.10533,31.3862],[35.11279,31.3879],[35.12,31.39026],[35.12687,31.39325],[35.13335,31.39684],[35.13935,31.40099],[35.14481,31.40564],[35.14967,31.41076],[35.15388,31.41629],[35.15739,31.42216],[35.16016,31.42831],[35.16217,31.43467],[35.16338,31.44118],[35.16379,31.44776],[35.16339,31.45434],[35.16219,31.46085],[35.16019,31.46721],[35.15743,31.47337],[35.15393,31.47924],[35.14972,31.48477],[35.14486,31.48989],[35.1394,31.49455],[35.1334,31.4987],[35.12692,31.50229],[35.12003,31.50528],[35.11282,31.50765],[35.10535,31.50935],[35.09772,31.51039],[35.09,31.51073]]]},"properties":{"name":"Jezreel","scripture_name":"Jezreel","importance":4,"center":[35.09,31.44778],"is_water":false,"references":["1SA 25:43","1SA 27:3","1SA 30:5","2SA 2:2","2SA 3:2","1CH 3:1"],"location_variant":null}},{"type":"Feature","geometry":{"type":"LineString","coordinates":[[43.4004,39.62289],[43.03842,39.70988],[42.89148,39.55006],[42.68305,39.49974],[42.56097,39.37735],[42.51654,39.15681],[42.14263,39.16913],[41.73966,39.02609],[41.54147,39.06983],[41.5341,38.84767],[41.28619,38.8488],[41.16636,38.75437],[40.93768,38.90233],[40.43907,38.71578],[40.05323,38.74685],[39.76762,38.62738],[39.52104,38.65794],[39.43605,38.78707],[39.07093,38.88889],[38.79036,38.86343],[38.62579,38.74399],[38.4707,38.75055],[38.35929,38.54254],[38.69727,38.41718],[38.81465,38.44258],[38.96907,38.3195],[39.10977,38.34695],[39.15092,38.3002],[39.10734,38.20079],[39.22207,38.20728],[39.26237,38.14575],[38.97395,37.89992],[38.97615,37.82576],[38.89374,37.79772],[38.96638,37.75973],[38.80754,37.68869],[38.84787,37.6459],[38.65453,37.62225],[38.44129,37.47027],[38.27288,37.47616],[38.17543,37.41056],[37.9869,37.44055],[37.876,37.34516],[37.8643,37.07822],[37.98087,37.04911],[38.03223,36.73892],[38.27974,36.53821],[38.07234,36.08734],[38.15529,35.98854],[38.554,35.85696],[39.04536,35.9343],[39.29005,35.82418],[39.78978,35.74977],[39.91166,35.51972],[40.40792,35.20512],[40.42549,35.07127],[40.4782,35.05925],[40.43902,35.03065],[40.5636,34.95816],[40.64746,34.78824],[40.91728,34.62881],[40.93077,34.44985],[41.07865,34.37813],[41.21151,34.38819],[41.17855,34.42827],[41.23469,34.45545],[41.70109,34.44724],[41.77868,34.53001],[41.83756,34.46904],[41.96819,34.47555],[42.13934,34.27379],[42.37435,34.33023],[42.31718,34.24315],[42.38791,34.18267],[42.41314,34.0175],[42.50326,34.03386],[42.57021,33.97252],[42.53159,33.86241],[42.6616,33.90336],[42.77015,33.85387],[42.71973,33.71875],[42.92984,33.52606],[43.6575,33.39649],[43.75822,33.35178],[43.8638,33.18126],[44.01608,33.16432],[44.17383,33.02275],[44.29104,32.78756],[44.20564,32.56697],[44.30027,32.44331],[44.35553,32.11166],[44.50174,31.8977],[44.47541,31.70573],[44.78758,31.45265],[45.13943,31.42654],[45.24909,31.32722],[45.53215,31.28336],[45.5573,31.18628],[46.0521,31.1234],[46.47565,30.9104],[46.5801,30.98234],[47.30651,30.92903],[47.44235,31.00471]]},"properties":{"name":"Euphrates River","scripture_name":"Euphrates River","importance":3,"center":[39.29005,35.82418],"is_water":true,"references":["GEN 2:14","GEN 15:18","GEN 31:21","EXO 23:31","DEU 1:7","DEU 11:24","JOS 1:4","JOS 24:2","JOS 24:3","JOS 24:14","JOS 24:15","2SA 8:3","2SA 10:16","1KI 4:21","1KI 4:24","1KI 14:15","2KI 23:29","2KI 24:7","1CH 5:9","1CH 18:3","1CH 19:16","2CH 9:26","2CH 35:20","EZR 5:6","EZR 6:6","PSA 72:8","PSA 80:11","ISA 7:20","ISA 8:7","ISA 11:15","ISA 27:12","JER 2:18","JER 13:4","JER 13:5","JER 13:6","JER 13:7","JER 46:2","JER 46:6","JER 46:10","JER 51:63","MIC 7:12","ZEC 9:10","REV 9:14","REV 16:12"],"location_variant":null}},{"type":"Feature","geometry":{"type":"Polygon","coordinates":[[[35.24104,31.790628],[35.23847,31.786079],[35.239161,31.781644],[35.237624,31.779285],[35.237702,31.776337],[35.235558,31.772749],[35.234772,31.771233],[35.233874,31.767876],[35.236047,31.767318],[35.238813,31.774228],[35.240869,31.777212],[35.242006,31.785389],[35.2427,31.789608],[35.24104,31.790628]]]},"properties":{"name":"Valley of Jehoshaphat","scripture_name":"Valley of Jehoshaphat","importance":4,"center":[35.23829,31.77897],"is_water":false,"references":["JOE 3:2","JOE 3:12"],"location_variant":null}},{"type":"Feature","geometry":{"type":"Point","coordinates":[34.6578,31.7572]},"properties":{"name":"Ashdod","scripture_name":"Ashdod","importance":4,"center":[34.6578,31.7572],"is_water":false,"references":["JOS 11:22","JOS 13:3","JOS 15:46","JOS 15:47","1SA 5:1","1SA 5:3","1SA 5:5","1SA 5:6","1SA 5:7","1SA 6:17","2CH 26:6","NEH 4:7","NEH 13:23","NEH 13:24","ISA 20:1","JER 25:20","AMO 1:8","AMO 3:9","ZEP 2:4","ZEC 9:6","ACT 8:40"],"location_variant":null}},{"type":"Feature","geometry":{"type":"Point","coordinates":[34.545833,31.663889]},"properties":{"name":"Ashkelon","scripture_name":"Ashkelon","importance":4,"center":[34.545833,31.663889],"is_water":false,"references":["JOS 13:3","JDG 1:18","JDG 14:19","1SA 6:17","2SA 1:20","JER 25:20","JER 47:5","JER 47:7","AMO 1:8","ZEP 2:4","ZEP 2:7","ZEC 9:5"],"location_variant":null}},{"type":"Feature","geometry":{"type":"Polygon","coordinates":[[[28.05658,36.59146],[28.51801,36.77976],[29.44086,37.15636],[29.67157,37.34466],[31.28656,38.66277],[31.51728,38.85107],[31.51728,39.03937],[31.05585,39.60427],[30.82514,39.79257],[28.05658,40.54578],[27.82587,40.54578],[27.59516,40.54578],[27.36444,40.54578],[26.6723,40.35748],[26.44159,40.16918],[26.21088,39.98088],[25.98016,39.79257],[25.74945,39.41597],[25.74945,39.22767],[25.74945,39.03937],[25.74945,38.85107],[25.74945,38.66277],[25.74945,38.47447],[25.98016,37.34466],[26.21088,36.59146],[26.44159,36.40315],[26.6723,36.40315],[26.90302,36.40315],[28.05658,36.59146]]]},"properties":{"name":"Asia","scripture_name":"Asia","importance":1,"center":[28.63336,38.47446],"is_water":false,"references":["ACT 2:9","ACT 6:9","ACT 16:6","ACT 19:10","ACT 19:22","ACT 19:26","ACT 19:27","ACT 19:31","ACT 20:4","ACT 20:16","ACT 20:18","ACT 21:27","ACT 24:18","ACT 27:2","ROM 16:5","1CO 16:19","2CO 1:8","2TI 1:15","1PE 1:1","REV 1:4","REV 1:11"],"location_variant":null}},{"type":"Feature","geometry":{"type":"Point","coordinates":[43.2625,35.456667]},"properties":{"name":"Asshur","scripture_name":"Asshur","importance":3,"center":[43.2625,35.456667],"is_water":false,"references":["NUM 24:22","NUM 24:24","PSA 83:8","EZE 27:23"],"location_variant":null}},{"type":"Feature","geometry":{"type":"Point","coordinates":[26.336667,39.490556]},"properties":{"name":"Assos","scripture_name":"Assos","importance":3,"center":[26.336667,39.490556],"is_water":false,"references":["ACT 20:13","ACT 20:14"],"location_variant":null}},{"type":"Feature","geometry":{"type":"Polygon","coordinates":[[[42.71961,35.95977],[42.37916,35.81863],[42.54938,35.67748],[42.71961,35.67748],[43.57072,35.81863],[43.91117,35.95977],[43.74094,35.95977],[43.57072,35.95977],[43.4005,35.95977],[43.23027,35.95977],[43.06005,35.95977],[42.88983,35.95977],[42.71961,35.95977]]]},"properties":{"name":"Assyria","scripture_name":"Assyria","importance":1,"center":[43.14516,35.81862],"is_water":false,"references":["GEN 2:14","GEN 10:11","GEN 25:18","2KI 15:19","2KI 15:20","2KI 15:29","2KI 16:7","2KI 16:8","2KI 16:9","2KI 16:10","2KI 16:18","2KI 17:3","2KI 17:4","2KI 17:5","2KI 17:6","2KI 17:23","2KI 17:24","2KI 17:26","2KI 17:27","2KI 18:7","2KI 18:9","2KI 18:11","2KI 18:13","2KI 18:14","2KI 18:16","2KI 18:17","2KI 18:19","2KI 18:23","2KI 18:28","2KI 18:30","2KI 18:31","2KI 18:33","2KI 19:4","2KI 19:6","2KI 19:8","2KI 19:10","2KI 19:11","2KI 19:17","2KI 19:20","2KI 19:32","2KI 19:35","2KI 19:36","2KI 19:37","2KI 20:6","2KI 23:29","1CH 5:6","1CH 5:26","2CH 28:16","2CH 28:20","2CH 28:21","2CH 30:6","2CH 32:1","2CH 32:4","2CH 32:7","2CH 32:9","2CH 32:10","2CH 32:11","2CH 32:13","2CH 32:21","2CH 32:22","2CH 33:11","EZR 4:2","EZR 6:22","NEH 9:32","ISA 7:17","ISA 7:18","ISA 7:20","ISA 8:4","ISA 8:7","ISA 10:5","ISA 10:6","ISA 10:7","ISA 10:12","ISA 10:16","ISA 10:17","ISA 10:18","ISA 10:24","ISA 10:28","ISA 10:33","ISA 11:11","ISA 11:16","ISA 14:25","ISA 19:23","ISA 19:24","ISA 19:25","ISA 20:1","ISA 20:4","ISA 20:6","ISA 23:13","ISA 27:13","ISA 30:31","ISA 31:8","ISA 33:4","ISA 36:1","ISA 36:2","ISA 36:4","ISA 36:8","ISA 36:13","ISA 36:15","ISA 36:16","ISA 36:18","ISA 37:4","ISA 37:6","ISA 37:8","ISA 37:10","ISA 37:11","ISA 37:18","ISA 37:21","ISA 37:33","ISA 37:37","ISA 37:38","ISA 38:6","ISA 52:4","JER 2:18","JER 2:36","JER 50:17","JER 50:18","LAM 5:6","EZE 23:5","EZE 23:7","EZE 31:3","EZE 31:15","EZE 32:22","HOS 5:13","HOS 7:11","HOS 8:9","HOS 9:3","HOS 9:6","HOS 10:6","HOS 11:5","HOS 11:11","HOS 12:1","HOS 14:3","MIC 5:5","MIC 5:6","MIC 7:12","NAH 1:13","NAH 3:18","ZEP 2:13","ZEC 10:10","ZEC 10:11"],"location_variant":null}},{"type":"Feature","geometry":{"type":"LineString","coordinates":[[34.456929,30.680128],[34.713355,30.825565],[34.779822,30.878961],[34.796013,30.887642],[34.853051,30.907187],[34.904199,30.999411],[34.983053,31.100178],[35.015446,31.120564],[34.981024,31.167578],[35.024747,31.217932],[35.118084,31.259725]]},"properties":{"name":"Kadesh-barnea","scripture_name":"Kadesh-barnea","importance":4,"center":[34.904199,30.999411],"is_water":false,"references":["NUM 21:1"],"location_variant":null}},{"type":"Feature","geometry":{"type":"Point","coordinates":[23.726738,37.971851]},"properties":{"name":"Athens","scripture_name":"Athens","importance":2,"center":[23.726738,37.971851],"is_water":false,"references":["ACT 17:15","ACT 17:16","ACT 17:21","ACT 17:22","ACT 18:1","1TH 3:1"],"location_variant":null}},{"type":"Feature","geometry":{"type":"Polygon","coordinates":[[[35.20764,31.74927],[35.20211,31.74903],[35.19664,31.74829],[35.1913,31.74707],[35.18613,31.74538],[35.1812,31.74324],[35.17656,31.74068],[35.17226,31.73772],[35.16835,31.73439],[35.16487,31.73073],[35.16186,31.72678],[35.15935,31.72259],[35.15737,31.71819],[35.15594,31.71364],[35.15507,31.709],[35.15479,31.7043],[35.15508,31.69959],[35.15595,31.69495],[35.15738,31.6904],[35.15936,31.68601],[35.16188,31.68181],[35.16489,31.67787],[35.16837,31.67421],[35.17229,31.67088],[35.17658,31.66792],[35.18122,31.66536],[35.18615,31.66323],[35.19131,31.66154],[35.19666,31.66032],[35.20212,31.65959],[35.20764,31.65934],[35.21316,31.65959],[35.21862,31.66032],[35.22396,31.66154],[35.22913,31.66323],[35.23405,31.66536],[35.23869,31.66792],[35.24299,31.67088],[35.2469,31.67421],[35.25039,31.67787],[35.2534,31.68181],[35.25591,31.68601],[35.2579,31.6904],[35.25933,31.69495],[35.2602,31.69959],[35.26049,31.7043],[35.26021,31.709],[35.25934,31.71364],[35.25791,31.71819],[35.25593,31.72259],[35.25342,31.72678],[35.25041,31.73073],[35.24693,31.73439],[35.24302,31.73772],[35.23872,31.74068],[35.23408,31.74324],[35.22915,31.74538],[35.22398,31.74707],[35.21863,31.74829],[35.21317,31.74903],[35.20764,31.74927]]]},"properties":{"name":"Bethlehem","scripture_name":"Bethlehem","importance":4,"center":[35.20764,31.7043],"is_water":false,"references":["JOS 12:13","1CH 27:28"],"location_variant":null}},{"type":"Feature","geometry":{"type":"Point","coordinates":[30.703614,36.881272]},"properties":{"name":"Attalia","scripture_name":"Attalia","importance":4,"center":[30.703614,36.881272],"is_water":false,"references":["ACT 14:25","ACT 14:26"],"location_variant":null}},{"type":"Feature","geometry":{"type":"Point","coordinates":[34.935696,31.700226]},"properties":{"name":"Azekah","scripture_name":"Azekah","importance":4,"center":[34.935696,31.700226],"is_water":false,"references":["JOS 10:10","JOS 10:11","JOS 15:35","1SA 17:1","2CH 11:9","NEH 11:30","JER 34:7"],"location_variant":null}},{"type":"Feature","geometry":{"type":"Polygon","coordinates":[[[35.85,33.62483],[35.82178,33.6236],[35.79387,33.6199],[35.76657,33.6138],[35.7402,33.60534],[35.71504,33.59464],[35.69137,33.58179],[35.66945,33.56695],[35.64952,33.55028],[35.63179,33.53196],[35.61647,33.5122],[35.60372,33.4912],[35.59367,33.46921],[35.58644,33.44647],[35.5821,33.42321],[35.58069,33.39971],[35.58224,33.37621],[35.58672,33.35298],[35.59408,33.33026],[35.60424,33.30831],[35.61708,33.28737],[35.63246,33.26766],[35.65021,33.2494],[35.67014,33.23279],[35.69204,33.21801],[35.71565,33.20522],[35.74072,33.19456],[35.76698,33.18615],[35.79415,33.18007],[35.82192,33.1764],[35.85,33.17517],[35.87808,33.1764],[35.90585,33.18007],[35.93302,33.18615],[35.95928,33.19456],[35.98435,33.20522],[36.00796,33.21801],[36.02986,33.23279],[36.04979,33.2494],[36.06754,33.26766],[36.08292,33.28737],[36.09576,33.30831],[36.10592,33.33026],[36.11328,33.35298],[36.11776,33.37621],[36.11931,33.39971],[36.1179,33.42321],[36.11356,33.44647],[36.10633,33.46921],[36.09628,33.4912],[36.08353,33.5122],[36.06821,33.53196],[36.05048,33.55028],[36.03055,33.56695],[36.00863,33.58179],[35.98496,33.59464],[35.9598,33.60534],[35.93343,33.6138],[35.90613,33.6199],[35.87822,33.6236],[35.85,33.62483]]]},"properties":{"name":"Mount Hermon","scripture_name":"Mount Hermon","importance":4,"center":[35.85,33.4],"is_water":false,"references":["2SA 24:6"],"location_variant":null}},{"type":"Feature","geometry":{"type":"Polygon","coordinates":[[[32.151423,30.541025],[32.303059,30.537701],[32.269349,30.586511],[32.151363,30.588492],[32.151423,30.541025]]]},"properties":{"name":"Baal-zephon","scripture_name":"Baal-zephon","importance":4,"center":[32.22721,30.5631],"is_water":false,"references":["EXO 14:2","EXO 14:9","NUM 33:7"],"location_variant":null}},{"type":"Feature","geometry":{"type":"Polygon","coordinates":[[[35.92495,33.04426],[35.84765,32.97901],[35.8863,32.91375],[35.92495,32.91375],[36.1182,32.91375],[36.07955,33.04426],[36.00225,33.04426],[35.9636,33.04426],[35.92495,33.04426]]]},"properties":{"name":"Bashan","scripture_name":"Bashan","importance":4,"center":[35.98293,32.97901],"is_water":false,"references":["NUM 21:33","NUM 32:33","DEU 1:4","DEU 3:1","DEU 3:3","DEU 3:4","DEU 3:6","DEU 3:10","DEU 3:11","DEU 3:13","DEU 3:14","DEU 4:43","DEU 4:47","DEU 29:7","DEU 32:14","DEU 33:22","JOS 9:10","JOS 12:4","JOS 12:5","JOS 13:11","JOS 13:12","JOS 13:30","JOS 13:31","JOS 17:1","JOS 17:5","JOS 20:8","JOS 21:6","JOS 21:27","JOS 22:7","1KI 4:13","1KI 4:19","2KI 10:33","1CH 5:11","1CH 5:12","1CH 5:16","1CH 5:23","1CH 6:62","1CH 6:71","NEH 9:22","PSA 22:12","PSA 68:22","PSA 135:11","PSA 136:20","ISA 2:13","ISA 33:9","JER 22:20","JER 50:19","EZE 27:6","EZE 39:18","AMO 4:1","MIC 7:14","NAH 1:4","ZEC 11:2"],"location_variant":null}},{"type":"Feature","geometry":{"type":"Polygon","coordinates":[[[34.708204,31.192504],[34.869915,31.259891],[34.666456,31.43478],[34.481841,31.417769],[34.708204,31.192504]]]},"properties":{"name":"Beersheba","scripture_name":"Beersheba","importance":2,"center":[34.67588,31.31364],"is_water":false,"references":["GEN 26:20"],"location_variant":null}},{"type":"Feature","geometry":{"type":"Point","coordinates":[22.2,40.518333]},"properties":{"name":"Berea","scripture_name":"Berea","importance":3,"center":[22.2,40.518333],"is_water":false,"references":["ACT 17:10","ACT 17:11","ACT 17:13","ACT 17:14","ACT 17:15","ACT 20:4"],"location_variant":null}},{"type":"Feature","geometry":{"type":"Polygon","coordinates":[[[36.14245,32.9904],[35.98686,32.94126],[36.00631,32.92487],[36.123,32.87573],[36.14245,32.87573],[36.14245,32.9904]]]},"properties":{"name":"Bethany","scripture_name":"Bethany","importance":4,"center":[36.06466,32.93306],"is_water":false,"references":["JHN 1:28"],"location_variant":null}},{"type":"Feature","geometry":{"type":"Point","coordinates":[35.241389,31.922778]},"properties":{"name":"Bethel","scripture_name":"Bethel","importance":4,"center":[35.241389,31.922778],"is_water":false,"references":["GEN 12:8","GEN 13:3","GEN 28:19","GEN 31:13","GEN 35:1","GEN 35:3","GEN 35:6","GEN 35:7","GEN 35:8","GEN 35:9","GEN 35:15","GEN 35:16","JOS 7:2","JOS 8:9","JOS 8:12","JOS 8:17","JOS 12:9","JOS 12:16","JOS 16:1","JOS 16:2","JOS 18:13","JOS 18:22","JDG 1:22","JDG 1:23","JDG 4:5","JDG 20:18","JDG 20:23","JDG 20:26","JDG 20:27","JDG 20:31","JDG 21:2","JDG 21:19","1SA 7:16","1SA 10:3","1SA 13:2","1KI 12:29","1KI 12:30","1KI 12:32","1KI 12:33","1KI 13:1","1KI 13:4","1KI 13:10","1KI 13:11","1KI 13:25","1KI 13:32","1KI 16:34","2KI 2:2","2KI 2:3","2KI 2:23","2KI 10:29","2KI 17:28","2KI 23:4","2KI 23:15","2KI 23:16","2KI 23:17","2KI 23:19","1CH 7:28","2CH 13:19","EZR 2:28","NEH 7:32","NEH 11:31","HOS 10:15","HOS 12:4","AMO 3:14","AMO 4:4","AMO 5:5","AMO 5:6","AMO 7:10","AMO 7:13"],"location_variant":null}},{"type":"Feature","geometry":{"type":"Point","coordinates":[35.235833,31.781389]},"properties":{"name":"Pool of Bethesda","scripture_name":"Pool of Bethesda","importance":4,"center":[35.235833,31.781389],"is_water":false,"references":["JHN 5:2"],"location_variant":null}},{"type":"Feature","geometry":{"type":"Polygon","coordinates":[[[34.936722,31.69536],[34.937521,31.686871],[34.966245,31.686131],[34.989864,31.676],[35.005962,31.663426],[35.011407,31.664173],[35.005185,31.680791],[35.011608,31.690135],[35.002687,31.692164],[34.986976,31.688323],[34.970525,31.693732],[34.936722,31.69536]]]},"properties":{"name":"Valley of Elah","scripture_name":"Valley of Elah","importance":4,"center":[34.97416,31.67939],"is_water":false,"references":["1SA 17:2","1SA 17:19","1SA 21:9"],"location_variant":null}},{"type":"Feature","geometry":{"type":"Point","coordinates":[35.250839,31.777619]},"properties":{"name":"Bethphage","scripture_name":"Bethphage","importance":4,"center":[35.250839,31.777619],"is_water":false,"references":["MAT 21:1","MRK 11:1","LUK 19:29"],"location_variant":null}},{"type":"Feature","geometry":{"type":"Point","coordinates":[35.63096,32.91038]},"properties":{"name":"Bethsaida","scripture_name":"Bethsaida","importance":4,"center":[35.63096,32.91038],"is_water":false,"references":["MAT 11:21","LUK 10:13","JHN 1:44","JHN 12:21"],"location_variant":null}},{"type":"Feature","geometry":{"type":"Point","coordinates":[35.90168,31.78603]},"properties":{"name":"Bezer","scripture_name":"Bezer","importance":4,"center":[35.90168,31.78603],"is_water":false,"references":["DEU 4:43","JOS 20:8","JOS 21:36","1CH 6:78"],"location_variant":null}},{"type":"Feature","geometry":{"type":"Polygon","coordinates":[[[30.19541,40.56299],[30.19541,40.44137],[30.35271,40.31975],[30.98195,40.44137],[31.9258,40.68461],[33.65619,41.41431],[33.8135,41.53593],[33.65619,41.53593],[33.49888,41.53593],[33.34157,41.53593],[33.18427,41.53593],[32.08311,41.29269],[31.61118,41.17108],[30.19541,40.68461],[30.19541,40.56299]]]},"properties":{"name":"Bithynia","scripture_name":"Bithynia","importance":3,"center":[32.00446,40.92784],"is_water":false,"references":["ACT 16:7","1PE 1:1"],"location_variant":null}},{"type":"Feature","geometry":{"type":"Point","coordinates":[35.603919,30.745843]},"properties":{"name":"Bozrah","scripture_name":"Bozrah","importance":4,"center":[35.603919,30.745843],"is_water":false,"references":["GEN 36:33","1CH 1:44","ISA 34:6","ISA 63:1","JER 49:13","JER 49:22","AMO 1:12","MIC 2:12"],"location_variant":null}},{"type":"Feature","geometry":{"type":"Polygon","coordinates":[[[30.16363,28.47113],[30.38034,28.27022],[30.59705,28.06932],[30.81376,27.86841],[32.54744,27.46659],[32.54744,27.6675],[31.6806,31.08292],[31.46389,31.08292],[31.24718,31.08292],[31.03047,31.08292],[30.38034,30.88202],[29.94692,29.07385],[30.16363,28.47113]]]},"properties":{"name":"Egypt","scripture_name":"Egypt","importance":1,"center":[31.24718,29.27475],"is_water":false,"references":["GEN 12:10","GEN 12:11","GEN 12:14","GEN 13:1","GEN 13:10","GEN 15:18","GEN 21:21","GEN 25:18","GEN 26:2","GEN 37:25","GEN 37:28","GEN 37:36","GEN 39:1","GEN 40:1","GEN 40:5","GEN 41:8","GEN 41:19","GEN 41:29","GEN 41:30","GEN 41:33","GEN 41:34","GEN 41:36","GEN 41:41","GEN 41:43","GEN 41:44","GEN 41:45","GEN 41:46","GEN 41:48","GEN 41:53","GEN 41:54","GEN 41:55","GEN 41:56","GEN 41:57","GEN 42:1","GEN 42:2","GEN 42:3","GEN 42:5","GEN 42:6","GEN 42:15","GEN 43:2","GEN 43:15","GEN 43:20","GEN 45:4","GEN 45:8","GEN 45:9","GEN 45:13","GEN 45:18","GEN 45:19","GEN 45:20","GEN 45:23","GEN 45:25","GEN 45:26","GEN 46:1","GEN 46:3","GEN 46:4","GEN 46:5","GEN 46:6","GEN 46:7","GEN 46:8","GEN 46:20","GEN 46:26","GEN 46:27","GEN 47:4","GEN 47:6","GEN 47:11","GEN 47:13","GEN 47:14","GEN 47:15","GEN 47:20","GEN 47:21","GEN 47:26","GEN 47:27","GEN 47:28","GEN 47:29","GEN 47:30","GEN 48:5","GEN 48:9","GEN 50:7","GEN 50:14","GEN 50:22","GEN 50:24","GEN 50:26","EXO 1:1","EXO 1:5","EXO 1:8","EXO 1:15","EXO 1:17","EXO 1:18","EXO 2:23","EXO 3:7","EXO 3:8","EXO 3:10","EXO 3:11","EXO 3:12","EXO 3:16","EXO 3:17","EXO 3:18","EXO 3:19","EXO 3:20","EXO 3:22","EXO 4:18","EXO 4:19","EXO 4:20","EXO 4:21","EXO 4:24","EXO 4:29","EXO 5:4","EXO 5:12","EXO 6:6","EXO 6:7","EXO 6:11","EXO 6:13","EXO 6:26","EXO 6:27","EXO 6:28","EXO 6:29","EXO 7:3","EXO 7:4","EXO 7:5","EXO 7:11","EXO 7:19","EXO 7:21","EXO 7:22","EXO 8:5","EXO 8:6","EXO 8:7","EXO 8:16","EXO 8:17","EXO 8:21","EXO 8:24","EXO 9:4","EXO 9:6","EXO 9:9","EXO 9:18","EXO 9:22","EXO 9:23","EXO 9:24","EXO 9:25","EXO 10:2","EXO 10:6","EXO 10:7","EXO 10:12","EXO 10:13","EXO 10:14","EXO 10:15","EXO 10:19","EXO 10:21","EXO 10:22","EXO 11:1","EXO 11:3","EXO 11:4","EXO 11:5","EXO 11:6","EXO 11:7","EXO 11:8","EXO 11:9","EXO 12:1","EXO 12:12","EXO 12:13","EXO 12:17","EXO 12:23","EXO 12:27","EXO 12:29","EXO 12:30","EXO 12:36","EXO 12:39","EXO 12:40","EXO 12:41","EXO 12:42","EXO 12:51","EXO 13:3","EXO 13:8","EXO 13:9","EXO 13:14","EXO 13:15","EXO 13:16","EXO 13:17","EXO 13:18","EXO 14:5","EXO 14:7","EXO 14:8","EXO 14:11","EXO 14:12","EXO 14:18","EXO 14:20","EXO 14:25","EXO 14:30","EXO 14:31","EXO 15:26","EXO 16:1","EXO 16:3","EXO 16:6","EXO 16:32","EXO 17:3","EXO 18:1","EXO 18:8","EXO 18:9","EXO 18:10","EXO 19:1","EXO 19:4","EXO 20:2","EXO 22:21","EXO 23:9","EXO 23:15","EXO 29:46","EXO 32:1","EXO 32:4","EXO 32:7","EXO 32:8","EXO 32:11","EXO 32:23","EXO 33:1","EXO 34:18","LEV 11:45","LEV 18:3","LEV 19:34","LEV 19:36","LEV 22:33","LEV 23:43","LEV 25:38","LEV 25:42","LEV 25:55","LEV 26:13","LEV 26:45","NUM 1:1","NUM 3:13","NUM 8:17","NUM 9:1","NUM 10:11","NUM 11:4","NUM 11:5","NUM 11:18","NUM 11:20","NUM 11:34","NUM 13:22","NUM 14:2","NUM 14:3","NUM 14:4","NUM 14:13","NUM 14:19","NUM 14:22","NUM 15:41","NUM 16:13","NUM 20:5","NUM 20:15","NUM 20:16","NUM 21:5","NUM 22:5","NUM 22:11","NUM 23:22","NUM 24:8","NUM 26:4","NUM 26:59","NUM 32:11","NUM 33:1","NUM 33:4","NUM 33:38","DEU 1:3","DEU 1:27","DEU 1:30","DEU 4:20","DEU 4:34","DEU 4:37","DEU 4:45","DEU 4:46","DEU 5:6","DEU 5:15","DEU 6:12","DEU 6:21","DEU 6:22","DEU 6:23","DEU 7:8","DEU 7:15","DEU 7:18","DEU 7:19","DEU 8:14","DEU 9:7","DEU 9:12","DEU 9:26","DEU 9:29","DEU 10:19","DEU 10:22","DEU 11:3","DEU 11:4","DEU 11:10","DEU 13:5","DEU 13:10","DEU 15:15","DEU 16:1","DEU 16:3","DEU 16:6","DEU 16:12","DEU 17:16","DEU 20:1","DEU 23:4","DEU 24:9","DEU 24:18","DEU 24:22","DEU 25:17","DEU 26:5","DEU 26:8","DEU 28:27","DEU 28:60","DEU 28:68","DEU 29:2","DEU 29:16","DEU 29:25","DEU 34:11","JOS 2:10","JOS 5:4","JOS 5:5","JOS 5:6","JOS 5:9","JOS 9:9","JOS 13:3","JOS 24:4","JOS 24:5","JOS 24:6","JOS 24:7","JOS 24:14","JOS 24:17","JOS 24:32","JDG 2:1","JDG 2:12","JDG 6:8","JDG 6:9","JDG 6:13","JDG 10:11","JDG 11:13","JDG 11:16","JDG 19:30","1SA 2:27","1SA 8:8","1SA 10:18","1SA 12:6","1SA 12:8","1SA 15:2","1SA 15:6","1SA 15:7","1SA 27:8","1SA 30:13","2SA 7:6","2SA 7:23","1KI 3:1","1KI 4:21","1KI 4:30","1KI 6:1","1KI 8:9","1KI 8:16","1KI 8:21","1KI 8:51","1KI 8:53","1KI 9:9","1KI 9:16","1KI 10:28","1KI 10:29","1KI 11:17","1KI 11:18","1KI 11:21","1KI 11:40","1KI 12:2","1KI 12:20","1KI 12:28","1KI 14:25","2KI 7:6","2KI 17:4","2KI 17:7","2KI 17:36","2KI 18:21","2KI 18:24","2KI 19:24","2KI 21:15","2KI 23:29","2KI 23:34","2KI 24:7","2KI 25:26","1CH 13:5","1CH 17:5","1CH 17:21","2CH 1:16","2CH 1:17","2CH 5:10","2CH 6:5","2CH 7:22","2CH 9:26","2CH 9:28","2CH 10:2","2CH 12:2","2CH 12:3","2CH 12:9","2CH 20:10","2CH 26:8","2CH 35:20","2CH 36:3","2CH 36:4","NEH 9:9","NEH 9:17","NEH 9:18","PSA 68:7","PSA 68:31","PSA 78:12","PSA 78:43","PSA 78:51","PSA 80:8","PSA 81:5","PSA 81:10","PSA 87:4","PSA 105:17","PSA 105:23","PSA 105:28","PSA 105:31","PSA 105:37","PSA 105:38","PSA 105:43","PSA 106:7","PSA 106:21","PSA 114:1","PSA 135:8","PSA 135:9","PSA 136:10","PSA 136:11","PRO 7:16","ISA 7:18","ISA 10:24","ISA 10:26","ISA 11:11","ISA 11:16","ISA 19:1","ISA 19:2","ISA 19:3","ISA 19:4","ISA 19:6","ISA 19:10","ISA 19:11","ISA 19:12","ISA 19:13","ISA 19:14","ISA 19:15","ISA 19:16","ISA 19:17","ISA 19:18","ISA 19:19","ISA 19:20","ISA 19:21","ISA 19:22","ISA 19:23","ISA 19:24","ISA 19:25","ISA 20:3","ISA 20:4","ISA 20:5","ISA 20:6","ISA 23:5","ISA 27:13","ISA 30:2","ISA 30:3","ISA 30:6","ISA 30:7","ISA 30:16","ISA 31:1","ISA 36:6","ISA 36:9","ISA 37:25","ISA 43:3","ISA 43:17","ISA 45:14","ISA 51:9","ISA 52:4","ISA 63:11","JER 2:6","JER 2:18","JER 2:36","JER 2:37","JER 7:22","JER 7:25","JER 9:26","JER 11:4","JER 11:7","JER 16:14","JER 23:7","JER 24:8","JER 25:19","JER 25:20","JER 26:21","JER 26:22","JER 26:23","JER 31:32","JER 32:20","JER 32:21","JER 34:13","JER 37:5","JER 37:7","JER 41:17","JER 42:14","JER 42:15","JER 42:16","JER 42:17","JER 42:18","JER 42:19","JER 42:22","JER 43:2","JER 43:7","JER 43:10","JER 43:11","JER 43:12","JER 43:13","JER 44:1","JER 44:8","JER 44:12","JER 44:13","JER 44:14","JER 44:15","JER 44:24","JER 44:26","JER 44:27","JER 44:28","JER 44:30","JER 46:2","JER 46:8","JER 46:9","JER 46:11","JER 46:13","JER 46:14","JER 46:17","JER 46:18","JER 46:19","JER 46:20","JER 46:21","JER 46:22","JER 46:23","JER 46:24","JER 46:25","JER 46:26","LAM 5:6","EZE 16:26","EZE 17:15","EZE 19:4","EZE 20:5","EZE 20:6","EZE 20:7","EZE 20:8","EZE 20:9","EZE 20:10","EZE 20:14","EZE 20:22","EZE 20:36","EZE 23:3","EZE 23:8","EZE 23:19","EZE 23:21","EZE 23:27","EZE 27:7","EZE 29:2","EZE 29:3","EZE 29:6","EZE 29:8","EZE 29:9","EZE 29:10","EZE 29:12","EZE 29:13","EZE 29:14","EZE 29:15","EZE 29:16","EZE 29:19","EZE 29:20","EZE 30:4","EZE 30:5","EZE 30:6","EZE 30:7","EZE 30:8","EZE 30:9","EZE 30:10","EZE 30:11","EZE 30:12","EZE 30:13","EZE 30:15","EZE 30:16","EZE 30:18","EZE 30:19","EZE 30:21","EZE 30:22","EZE 30:23","EZE 30:24","EZE 30:25","EZE 30:26","EZE 31:2","EZE 31:10","EZE 31:18","EZE 32:2","EZE 32:12","EZE 32:14","EZE 32:15","EZE 32:16","EZE 32:18","EZE 32:19","EZE 32:20","EZE 32:21","EZE 32:28","DAN 9:15","DAN 11:8","DAN 11:42","DAN 11:43","HOS 2:15","HOS 7:11","HOS 7:16","HOS 8:13","HOS 9:3","HOS 9:6","HOS 11:1","HOS 11:5","HOS 11:11","HOS 12:1","HOS 12:9","HOS 12:13","HOS 13:4","JOE 3:19","AMO 2:10","AMO 3:1","AMO 3:9","AMO 4:10","AMO 8:8","AMO 9:5","AMO 9:7","MIC 6:4","MIC 7:12","MIC 7:15","NAH 3:9","HAG 2:5","ZEC 10:10","ZEC 10:11","ZEC 14:18","ZEC 14:19","MAT 2:13","MAT 2:14","MAT 2:15","MAT 2:19","ACT 2:10","ACT 7:9","ACT 7:10","ACT 7:11","ACT 7:12","ACT 7:14","ACT 7:15","ACT 7:17","ACT 7:18","ACT 7:34","ACT 7:36","ACT 7:39","ACT 7:40","ACT 13:17","ACT 18:24","HEB 3:16","HEB 8:9","HEB 11:22","HEB 11:26","HEB 11:27","JUD 1:5","REV 11:8"],"location_variant":null}},{"type":"Feature","geometry":{"type":"LineString","coordinates":[[32.50641,15.64124],[32.56511,16.15133],[32.71356,16.38777],[32.95192,16.55592],[33.11583,16.52307],[33.64297,16.83735],[33.72145,16.98361],[33.73357,17.29374],[33.87965,17.42427],[33.97344,17.6496],[33.98393,18.00857],[33.93325,18.25404],[33.80148,18.31479],[33.67353,18.49584],[33.68565,18.69568],[33.56111,18.73881],[33.58701,19.1089],[33.41389,19.27437],[33.3283,19.52937],[32.88425,19.45702],[32.38153,18.92093],[32.04448,18.82381],[32.03232,18.61076],[31.86211,18.55957],[31.52533,18.08251],[31.21433,17.98326],[30.76226,18.15564],[30.69645,18.48917],[30.57768,18.59205],[30.47161,18.87864],[30.4935,19.24645],[30.29591,19.93647],[30.548,19.94806],[30.58044,20.29215],[30.38709,20.34491],[30.34188,20.42713],[30.28905,20.58492],[30.32506,20.79066],[30.53899,20.8389],[30.58358,21.01854],[30.69735,21.07635],[30.65834,21.18687],[30.98839,21.40132],[30.95816,21.48728],[31.17366,21.66365],[31.43225,22.17585],[32.1137,22.73589],[32.20964,22.74464],[32.29427,22.6215],[32.38727,22.62304],[32.94577,23.31672],[32.87144,23.59294],[32.92323,24.44909],[32.86968,24.48453],[32.93186,24.67286],[32.88824,24.98288],[32.56526,25.27726],[32.46825,25.56172],[32.76754,25.79133],[32.76073,26.10578],[32.63342,26.17901],[32.27785,26.02442],[32.12248,26.20443],[32.02343,26.17474],[31.99592,26.28987],[31.80991,26.44018],[31.80737,26.55024],[31.70632,26.5437],[31.70808,26.63279],[31.52426,26.78297],[31.30078,27.15568],[31.12483,27.20777],[30.84795,27.45684],[30.89596,27.78379],[30.82839,27.82289],[30.86746,27.96484],[30.74305,28.14557],[30.73948,28.30098],[30.84407,28.44511],[30.92729,28.87826],[31.22548,29.24542],[31.29308,29.84911],[31.21135,30.12366],[30.82031,30.33869],[30.8769,30.37565],[30.76263,30.71801],[30.81216,30.81963],[30.76271,30.82173],[30.76053,30.99229],[30.52221,31.19948],[30.51972,31.32732],[30.37128,31.45895]]},"properties":{"name":"Nile River","scripture_name":"Nile River","importance":3,"center":[32.1137,22.73589],"is_water":true,"references":["GEN 41:1","GEN 41:2","GEN 41:3","GEN 41:17","GEN 41:18","GEN 41:19","EXO 1:22","EXO 2:3","EXO 2:5","EXO 4:9","EXO 7:15","EXO 7:17","EXO 7:18","EXO 7:20","EXO 7:21","EXO 7:24","EXO 7:25","EXO 8:3","EXO 8:9","EXO 8:11","EXO 17:5","ISA 7:18","ISA 18:1","ISA 18:2","ISA 19:5","ISA 19:6","ISA 19:7","ISA 19:8","ISA 23:3","ISA 23:10","ISA 51:9","JER 2:18","JER 46:7","JER 46:8","EZE 29:3","EZE 29:4","EZE 29:5","EZE 29:9","EZE 29:10","EZE 30:12","AMO 8:8","AMO 9:5","NAH 3:8","ZEC 10:11","ACT 7:19"],"location_variant":null}},{"type":"Feature","geometry":{"type":"Polygon","coordinates":[[[35.35873,30.937616],[35.128394,30.412188],[35.090577,30.026678],[34.908982,29.561982],[35.031403,29.524312],[35.208976,29.970766],[35.509545,30.685678],[35.465412,30.899369],[35.35873,30.937616]]]},"properties":{"name":"The Arabah","scripture_name":"The Arabah","importance":3,"center":[35.20926,30.23096],"is_water":false,"references":["AMO 6:14"],"location_variant":null}},{"type":"Feature","geometry":{"type":"Polygon","coordinates":[[[38.62559,31.73304],[38.44603,31.89103],[38.26647,31.73304],[37.36867,30.15317],[38.62559,31.73304]]]},"properties":{"name":"Kedar","scripture_name":"Kedar","importance":3,"center":[37.99713,31.0221],"is_water":false,"references":["PSA 120:5","SNG 1:5","ISA 21:16","ISA 21:17","ISA 42:11","ISA 60:7","JER 2:10","JER 49:28","EZE 27:21"],"location_variant":null}},{"type":"Feature","geometry":{"type":"Point","coordinates":[34.891667,32.5]},"properties":{"name":"Caesarea Maritima","scripture_name":"Caesarea Maritima","importance":4,"center":[34.891667,32.5],"is_water":false,"references":["ACT 8:40","ACT 9:30","ACT 10:1","ACT 10:24","ACT 11:11","ACT 12:19","ACT 18:22","ACT 21:8","ACT 21:16","ACT 23:23","ACT 23:32","ACT 23:33","ACT 24:1","ACT 25:1","ACT 25:4","ACT 25:6","ACT 25:13","ACT 25:24"],"location_variant":null}},{"type":"Feature","geometry":{"type":"Point","coordinates":[35.693333,33.246111]},"properties":{"name":"Caesarea Philippi","scripture_name":"Caesarea Philippi","importance":4,"center":[35.693333,33.246111],"is_water":false,"references":["MAT 16:13","MRK 8:27"],"location_variant":null}},{"type":"Feature","geometry":{"type":"Point","coordinates":[43.328889,36.098056]},"properties":{"name":"Calah","scripture_name":"Calah","importance":3,"center":[43.328889,36.098056],"is_water":false,"references":["GEN 10:11","GEN 10:12"],"location_variant":null}},{"type":"Feature","geometry":{"type":"Point","coordinates":[37.205535,36.292571]},"properties":{"name":"Calneh","scripture_name":"Calneh","importance":3,"center":[37.205535,36.292571],"is_water":false,"references":["ISA 10:9","AMO 6:2"],"location_variant":null}},{"type":"Feature","geometry":{"type":"Point","coordinates":[35.30269,32.8222]},"properties":{"name":"Cana","scripture_name":"Cana","importance":4,"center":[35.30269,32.8222],"is_water":false,"references":["JHN 2:1","JHN 2:11","JHN 4:46","JHN 21:2"],"location_variant":null}},{"type":"Feature","geometry":{"type":"Point","coordinates":[35.575,32.881111]},"properties":{"name":"Capernaum","scripture_name":"Capernaum","importance":4,"center":[35.575,32.881111],"is_water":false,"references":["MAT 4:13","MAT 8:5","MAT 11:23","MAT 17:24","MRK 1:21","MRK 2:1","MRK 9:33","MRK 10:1","LUK 4:23","LUK 4:31","LUK 7:1","LUK 10:15","JHN 2:12","JHN 4:46","JHN 4:47","JHN 6:17","JHN 6:24","JHN 6:59"],"location_variant":null}},{"type":"Feature","geometry":{"type":"Polygon","coordinates":[[[24.57191,35.381455],[24.355315,35.351266],[24.266939,35.359916],[24.243183,35.475568],[24.187975,35.449237],[24.059759,35.492525],[24.080999,35.509073],[24.181839,35.502989],[24.20184,35.539742],[24.174834,35.587127],[24.078037,35.592777],[24.086479,35.553555],[24.051993,35.552223],[24.031824,35.516572],[23.841697,35.527143],[23.779307,35.545258],[23.761318,35.652743],[23.773405,35.668793],[23.737342,35.695736],[23.705966,35.640223],[23.729208,35.546727],[23.717985,35.507206],[23.655249,35.498216],[23.61143,35.520748],[23.594618,35.626665],[23.564609,35.510399],[23.579034,35.485713],[23.553852,35.464784],[23.567942,35.424614],[23.530609,35.381543],[23.528376,35.339106],[23.548391,35.322549],[23.515489,35.291383],[23.579028,35.261092],[23.590617,35.23109],[23.766522,35.228532],[23.826883,35.249472],[23.923425,35.220899],[23.99116,35.228849],[24.04301,35.193698],[24.197857,35.200974],[24.28397,35.174658],[24.381157,35.194743],[24.391841,35.172423],[24.519971,35.143549],[24.558103,35.100714],[24.722949,35.092577],[24.760102,35.015745],[24.733554,34.922042],[24.83775,34.941015],[25.095354,34.93214],[25.375836,34.998825],[25.501775,34.982028],[25.686794,35.014298],[25.81453,34.999573],[25.977061,35.039239],[26.026722,35.013517],[26.08661,35.018654],[26.11067,34.995241],[26.231353,35.033771],[26.280538,35.111497],[26.279611,35.167042],[26.318004,35.181434],[26.315822,35.198729],[26.301141,35.187088],[26.269237,35.207745],[26.262977,35.264777],[26.307659,35.294116],[26.311215,35.31736],[26.282158,35.310402],[26.300995,35.301072],[26.273724,35.295152],[26.286774,35.284861],[26.233231,35.278373],[26.168652,35.201297],[26.114291,35.201969],[26.110496,35.228341],[26.025743,35.229555],[25.946218,35.181125],[25.896074,35.187726],[25.807692,35.109655],[25.727261,35.129697],[25.709413,35.175296],[25.713762,35.21977],[25.740103,35.23217],[25.726833,35.30312],[25.772609,35.341352],[25.661004,35.348036],[25.439499,35.292125],[25.385951,35.338316],[25.053189,35.341874],[25.044582,35.40502],[24.973122,35.431999],[24.954919,35.40233],[24.885684,35.422033],[24.787851,35.405962],[24.699169,35.42731],[24.57191,35.381455]]]},"properties":{"name":"Crete","scripture_name":"Crete","importance":1,"center":[24.91675,35.30889],"is_water":false,"references":["ZEP 2:5","ACT 27:7","ACT 27:8","ACT 27:12","ACT 27:13","ACT 27:14","ACT 27:21","TIT 1:5","TIT 1:12"],"location_variant":null}},{"type":"Feature","geometry":{"type":"Polygon","coordinates":[[[34.58087,38.78012],[34.36733,38.60975],[34.58087,37.92827],[37.99746,38.78012],[37.99746,38.95049],[37.99746,39.12086],[37.78392,39.63197],[35.86209,39.63197],[35.43502,39.4616],[34.58087,38.78012]]]},"properties":{"name":"Cappadocia","scripture_name":"Cappadocia","importance":3,"center":[36.18239,38.78012],"is_water":false,"references":["ACT 2:9","1PE 1:1"],"location_variant":null}},{"type":"Feature","geometry":{"type":"Polygon","coordinates":[[[32.50374,36.14154],[32.62255,36.04532],[32.74136,36.04532],[32.86017,36.04532],[32.97899,36.04532],[33.0978,36.04532],[33.21661,36.04532],[33.81067,36.14154],[35.47403,36.52642],[36.42452,37.00751],[36.54333,37.10373],[36.42452,37.19995],[36.30571,37.29617],[36.06808,37.39238],[35.2364,37.4886],[35.11759,37.4886],[34.52353,37.39238],[32.50374,36.71885],[32.38493,36.62263],[32.26612,36.33398],[32.38493,36.23776],[32.50374,36.14154]]]},"properties":{"name":"Cilicia","scripture_name":"Cilicia","importance":3,"center":[34.40472,36.76696],"is_water":false,"references":["ACT 6:9","ACT 15:23","ACT 15:41","ACT 21:39","ACT 22:3","ACT 23:34","ACT 27:5","GAL 1:21"],"location_variant":null}},{"type":"Feature","geometry":{"type":"Polygon","coordinates":[[[32.5687,35.169754],[32.548763,35.173447],[32.487636,35.083543],[32.427746,35.044729],[32.361088,35.046865],[32.28845,35.104887],[32.275871,35.100076],[32.275224,35.037621],[32.313779,34.995944],[32.313396,34.962748],[32.301522,34.956085],[32.325297,34.926001],[32.316033,34.899397],[32.347578,34.856931],[32.388203,34.840513],[32.399804,34.754909],[32.494356,34.702855],[32.555041,34.697957],[32.703319,34.64024],[32.791122,34.664291],[32.874729,34.66688],[32.923565,34.618646],[32.940456,34.575482],[32.933122,34.565922],[32.973607,34.573306],[33.028549,34.562536],[33.03636,34.567594],[33.008675,34.593637],[33.005913,34.618944],[33.010803,34.641301],[33.032845,34.650441],[33.006892,34.647914],[33.063483,34.685644],[33.148964,34.712708],[33.260061,34.70539],[33.291425,34.724632],[33.318861,34.715038],[33.429152,34.764067],[33.495454,34.777131],[33.551377,34.819158],[33.602749,34.815834],[33.639511,34.865986],[33.645643,34.943813],[33.684251,34.974358],[33.776035,34.980376],[33.858484,34.942597],[33.891961,34.954638],[33.899286,34.971371],[33.970852,34.988274],[34.085661,34.956398],[34.064641,35.012459],[33.91189,35.163134],[33.899877,35.203086],[33.906556,35.257322],[33.966955,35.321807],[34.06619,35.328818],[34.080839,35.368123],[34.134212,35.415943],[34.300345,35.489299],[34.409147,35.556831],[34.437401,35.601815],[34.562681,35.64129],[34.588508,35.695158],[34.346565,35.623048],[34.338684,35.603351],[34.290108,35.576002],[34.229199,35.556916],[34.176362,35.562006],[34.126192,35.504926],[33.977466,35.445836],[33.849876,35.412761],[33.771791,35.414048],[33.646715,35.356963],[33.608475,35.360888],[33.480711,35.332186],[33.348216,35.334868],[33.291893,35.350562],[33.170622,35.351276],[33.113977,35.368432],[33.097222,35.353807],[33.063747,35.355208],[32.993872,35.368134],[32.920776,35.404096],[32.937894,35.281061],[32.915906,35.20605],[32.88461,35.16407],[32.824557,35.140836],[32.738545,35.179943],[32.65081,35.195743],[32.5687,35.169754]]]},"properties":{"name":"Cyprus","scripture_name":"Cyprus","importance":1,"center":[33.43187,35.12885],"is_water":false,"references":["2CH 9:21","2CH 20:36","2CH 20:37","PSA 72:10","ISA 23:1","ISA 23:6","ISA 23:10","ISA 23:14","ISA 66:19","JER 10:9","EZE 10:9","EZE 27:12","EZE 27:25","EZE 38:13","JON 1:3","JON 4:2"],"location_variant":null}},{"type":"Feature","geometry":{"type":"Point","coordinates":[22.996816,37.884335]},"properties":{"name":"Cenchreae","scripture_name":"Cenchreae","importance":4,"center":[22.996816,37.884335],"is_water":false,"references":["ACT 18:18","ROM 16:1"],"location_variant":null}},{"type":"Feature","geometry":{"type":"Polygon","coordinates":[[[45.64355,32.00976],[45.40434,32.11333],[45.52395,32.00976],[45.64355,31.90619],[45.76315,31.80262],[46.71998,31.07763],[46.95918,30.97405],[47.07878,30.97405],[46.95918,31.1812],[45.64355,32.00976]]]},"properties":{"name":"Chaldea","scripture_name":"Chaldea","importance":3,"center":[46.24156,31.54369],"is_water":false,"references":["GEN 11:28","GEN 11:31","GEN 15:7","2KI 24:2","2KI 25:4","2KI 25:5","2KI 25:10","2KI 25:13","2KI 25:25","2KI 25:26","2CH 36:17","NEH 9:7","JOB 1:17","ISA 13:19","ISA 23:13","ISA 43:14","ISA 47:1","ISA 47:5","ISA 48:14","ISA 48:20","JER 21:4","JER 21:9","JER 22:25","JER 24:5","JER 25:12","JER 32:4","JER 32:5","JER 32:24","JER 32:25","JER 32:28","JER 32:29","JER 32:43","JER 33:5","JER 35:11","JER 37:5","JER 37:8","JER 37:9","JER 37:10","JER 37:13","JER 37:14","JER 38:2","JER 38:18","JER 38:19","JER 38:23","JER 39:5","JER 39:8","JER 40:9","JER 40:10","JER 41:18","JER 43:3","JER 50:1","JER 50:8","JER 50:10","JER 50:25","JER 50:35","JER 50:45","JER 51:4","JER 51:5","JER 51:24","JER 51:35","JER 51:54","JER 52:7","JER 52:8","JER 52:14","JER 52:17","EZE 1:3","EZE 11:24","EZE 12:13","EZE 16:29","EZE 23:14","EZE 23:15","EZE 23:16","EZE 23:23","DAN 1:4","DAN 2:2","DAN 2:4","DAN 2:5","DAN 2:10","DAN 3:8","DAN 4:7","DAN 5:7","DAN 5:11","DAN 9:1","HAB 1:6","ACT 7:4"],"location_variant":null}},{"type":"Feature","geometry":{"type":"LineString","coordinates":[[44.402952,32.58557],[44.469927,32.55811],[44.550498,32.552319],[44.635027,32.488378],[44.679157,32.476492],[44.760083,32.418317],[44.823676,32.345945],[44.894152,32.287827],[45.049834,32.257383],[45.181327,32.201181],[45.223337,32.131499],[45.236588,32.12245],[45.243321,32.119149],[45.246572,32.103815],[45.252659,32.093591],[45.28942,31.942531],[45.388723,31.715906],[45.507614,31.534591],[45.59213,31.39888],[45.642739,31.342417],[45.715668,31.297727],[45.826701,31.239115],[45.857173,31.225469],[45.955635,31.171677]]},"properties":{"name":"Chebar","scripture_name":"Chebar","importance":4,"center":[45.243321,32.119149],"is_water":false,"references":["EZE 1:1","EZE 1:3","EZE 3:15","EZE 3:23","EZE 10:15","EZE 10:20","EZE 10:22","EZE 43:3"],"location_variant":null}},{"type":"Feature","geometry":{"type":"Polygon","coordinates":[[[53.2591,33.83429],[53.23671,34.11804],[53.16992,34.39694],[53.05988,34.66621],[52.90847,34.92125],[52.71828,35.15768],[52.49256,35.37148],[52.23518,35.55897],[51.95054,35.71695],[51.64351,35.84272],[51.31934,35.93413],[50.98358,35.9896],[50.64198,36.0082],[50.30038,35.9896],[49.96462,35.93413],[49.64045,35.84272],[49.33342,35.71695],[49.04878,35.55897],[48.7914,35.37148],[48.56568,35.15768],[48.37549,34.92125],[48.22408,34.66621],[48.11404,34.39694],[48.04725,34.11804],[48.02486,33.83429],[48.04725,33.55054],[48.11404,33.27164],[48.22408,33.00237],[48.37549,32.74733],[48.56568,32.5109],[48.7914,32.2971],[49.04878,32.10961],[49.33342,31.95163],[49.64045,31.82586],[49.96462,31.73445],[50.30038,31.67898],[50.64198,31.66038],[50.98358,31.67898],[51.31934,31.73445],[51.64351,31.82586],[51.95054,31.95163],[52.23518,32.10961],[52.49256,32.2971],[52.71828,32.5109],[52.90847,32.74733],[53.05988,33.00237],[53.16992,33.27164],[53.23671,33.55054],[53.2591,33.83429]]]},"properties":{"name":"Media","scripture_name":"Media","importance":1,"center":[50.64198,33.83429],"is_water":false,"references":["EZR 6:2","EST 1:3","EST 1:14","EST 1:18","EST 1:19","EST 10:2","ISA 21:2","JER 25:25","JER 51:11","JER 51:28","DAN 8:20"],"location_variant":null}},{"type":"Feature","geometry":{"type":"Polygon","coordinates":[[[35.52282,32.812921],[35.525966,32.810717],[35.528838,32.805444],[35.536496,32.801376],[35.540121,32.796927],[35.540211,32.797825],[35.541551,32.794299],[35.542683,32.793712],[35.543457,32.790222],[35.542789,32.790599],[35.543002,32.78933],[35.544477,32.785255],[35.543701,32.786188],[35.544415,32.781724],[35.544795,32.78242],[35.545951,32.77928],[35.546095,32.775628],[35.548506,32.769929],[35.55075,32.768524],[35.551657,32.766857],[35.554474,32.765451],[35.561254,32.758378],[35.56812,32.745552],[35.570863,32.729987],[35.572326,32.726877],[35.571279,32.725639],[35.571413,32.723614],[35.574184,32.717332],[35.578473,32.711582],[35.579703,32.710401],[35.581101,32.710745],[35.580903,32.709402],[35.583429,32.708002],[35.592576,32.7078],[35.596368,32.708612],[35.604748,32.712778],[35.613054,32.719696],[35.625529,32.736106],[35.630175,32.743144],[35.634236,32.751524],[35.63887,32.774216],[35.63559,32.77902],[35.63517,32.782066],[35.635558,32.784794],[35.63635,32.784663],[35.635498,32.785203],[35.635986,32.787428],[35.639085,32.789575],[35.640239,32.792258],[35.640568,32.794269],[35.639163,32.798438],[35.643776,32.810955],[35.645029,32.817742],[35.64461,32.823277],[35.64242,32.82807],[35.640624,32.829822],[35.639911,32.834421],[35.64349,32.836448],[35.647885,32.841439],[35.647885,32.850068],[35.645202,32.856464],[35.641746,32.860254],[35.642013,32.861509],[35.64032,32.865468],[35.63663,32.868291],[35.635169,32.872062],[35.629209,32.878019],[35.626282,32.87868],[35.619552,32.884401],[35.616377,32.885817],[35.613835,32.885426],[35.612485,32.886075],[35.611193,32.888639],[35.604545,32.891397],[35.599912,32.891623],[35.593393,32.89057],[35.59267,32.890268],[35.592607,32.888049],[35.591102,32.887064],[35.584289,32.885451],[35.576864,32.880256],[35.567727,32.879388],[35.565411,32.874748],[35.560073,32.874118],[35.559957,32.873219],[35.557868,32.872138],[35.556739,32.87268],[35.55105,32.871636],[35.548674,32.870263],[35.546001,32.870577],[35.541135,32.866766],[35.540789,32.864786],[35.53718,32.861118],[35.535474,32.857025],[35.529684,32.849917],[35.526678,32.842566],[35.523144,32.838153],[35.520033,32.830807],[35.518696,32.823105],[35.52282,32.812921]]]},"properties":{"name":"Sea of Galilee","scripture_name":"Sea of Galilee","importance":3,"center":[35.58,32.8],"is_water":false,"references":["NUM 34:11","JOS 12:3","JOS 13:27","MAT 4:18","MAT 9:1","MAT 15:29","MRK 1:16","MRK 7:31","JHN 6:1","JHN 21:1"],"location_variant":null}},{"type":"Feature","geometry":{"type":"Polygon","coordinates":[[[26.138343,38.383744],[26.134074,38.419873],[26.154363,38.459297],[26.151564,38.466089],[26.145047,38.457701],[26.146071,38.464182],[26.136131,38.462301],[26.143275,38.477108],[26.12305,38.475498],[26.123822,38.487532],[26.152878,38.496415],[26.150273,38.521112],[26.163167,38.536247],[26.160871,38.551024],[26.135977,38.566604],[26.126261,38.55489],[26.131466,38.543056],[26.11636,38.555163],[26.114417,38.540227],[26.106081,38.555973],[26.084751,38.556412],[26.062761,38.593596],[26.044197,38.588862],[26.000745,38.604408],[25.939243,38.587783],[25.899231,38.58948],[25.85684,38.580132],[25.831509,38.548422],[25.831002,38.539927],[25.844156,38.52921],[25.862533,38.491683],[25.890907,38.474414],[25.942354,38.45988],[25.944698,38.447618],[25.957258,38.441304],[25.953822,38.419138],[25.962811,38.417973],[25.964037,38.408295],[25.959289,38.404193],[25.974677,38.399682],[25.984554,38.38539],[25.992004,38.390757],[25.986496,38.379143],[25.993926,38.366089],[25.985643,38.363054],[25.995182,38.358527],[25.996043,38.342302],[25.987007,38.344262],[25.985547,38.330862],[25.972859,38.329055],[25.966917,38.317622],[25.973589,38.310377],[25.965572,38.295469],[25.942822,38.298912],[25.938476,38.293245],[25.931319,38.300803],[25.928916,38.286858],[25.922005,38.292809],[25.924459,38.301819],[25.918478,38.299862],[25.888938,38.274909],[25.875419,38.274146],[25.863223,38.247825],[25.86935,38.239913],[25.878976,38.245767],[25.887927,38.241475],[25.886756,38.214963],[25.893406,38.224249],[25.902145,38.216614],[25.914014,38.222121],[25.908551,38.212279],[25.919069,38.203084],[25.927281,38.206425],[25.926644,38.192359],[25.952929,38.194657],[25.949702,38.186487],[25.968523,38.167648],[25.994764,38.164488],[25.998417,38.155336],[26.011514,38.155073],[26.011863,38.146908],[26.022774,38.156984],[26.02358,38.178741],[26.038154,38.198715],[26.100044,38.210279],[26.116325,38.233231],[26.104032,38.245438],[26.103498,38.27246],[26.160481,38.312324],[26.153833,38.321],[26.161754,38.329251],[26.142559,38.340595],[26.144682,38.362951],[26.137412,38.372114],[26.145181,38.370539],[26.138343,38.383744]]]},"properties":{"name":"Chios","scripture_name":"Chios","importance":3,"center":[25.99708,38.37566],"is_water":false,"references":["ACT 20:15"],"location_variant":null}},{"type":"Feature","geometry":{"type":"Point","coordinates":[35.563889,32.911389]},"properties":{"name":"Chorazin","scripture_name":"Chorazin","importance":4,"center":[35.563889,32.911389],"is_water":false,"references":["MAT 11:21","LUK 10:13"],"location_variant":null}},{"type":"Feature","geometry":{"type":"Point","coordinates":[27.375,36.685833]},"properties":{"name":"Cnidus","scripture_name":"Cnidus","importance":4,"center":[27.375,36.685833],"is_water":false,"references":["ACT 27:7"],"location_variant":null}},{"type":"Feature","geometry":{"type":"Point","coordinates":[29.25994,37.78664]},"properties":{"name":"Colossae","scripture_name":"Colossae","importance":2,"center":[29.25994,37.78664],"is_water":false,"references":["COL 1:2"],"location_variant":null}},{"type":"Feature","geometry":{"type":"Point","coordinates":[22.878741,37.905785]},"properties":{"name":"Corinth","scripture_name":"Corinth","importance":2,"center":[22.878741,37.905785],"is_water":false,"references":["ACT 18:1","ACT 18:8","ACT 18:11","ACT 18:12","ACT 18:18","ACT 19:1","1CO 1:2","2CO 1:1","2CO 1:23","2CO 10:14","2TI 4:20"],"location_variant":null}},{"type":"Feature","geometry":{"type":"Polygon","coordinates":[[[27.156616,36.884797],[27.14421,36.880282],[27.118229,36.863902],[27.101707,36.856056],[27.081206,36.850297],[27.07595,36.850594],[27.077022,36.852522],[27.075662,36.852042],[27.069744,36.842408],[27.059854,36.837847],[27.041678,36.818052],[27.029026,36.812216],[27.023612,36.803229],[27.002919,36.778993],[26.992428,36.77015],[26.989384,36.769311],[26.97749,36.772898],[26.963627,36.77311],[26.962796,36.774602],[26.965623,36.774689],[26.962916,36.775137],[26.951929,36.771375],[26.948526,36.768129],[26.945561,36.76932],[26.944013,36.767009],[26.939141,36.76543],[26.931712,36.767796],[26.926205,36.761602],[26.921894,36.764016],[26.921483,36.75486],[26.917757,36.749143],[26.924012,36.741697],[26.917193,36.718764],[26.921663,36.713978],[26.922199,36.707634],[26.924796,36.704129],[26.934032,36.698651],[26.942279,36.686146],[26.952909,36.681515],[26.954464,36.676125],[26.958546,36.677696],[26.961506,36.674697],[26.969592,36.671699],[26.974083,36.672695],[26.966885,36.682678],[26.968636,36.689173],[26.966591,36.692164],[26.967979,36.697588],[26.966739,36.70499],[26.971986,36.711787],[26.979837,36.715438],[26.983117,36.714278],[26.984514,36.716606],[26.982891,36.718259],[26.984359,36.721055],[26.980407,36.728436],[26.972467,36.73386],[26.973245,36.736737],[26.971501,36.735818],[26.970237,36.737413],[26.971703,36.743442],[26.978913,36.749653],[27.002662,36.757138],[27.00759,36.756038],[27.005221,36.757418],[27.006383,36.759788],[27.015581,36.763886],[27.042862,36.767927],[27.060947,36.767318],[27.101509,36.756419],[27.112419,36.757398],[27.114996,36.760681],[27.144803,36.780508],[27.147224,36.782789],[27.143724,36.781577],[27.163002,36.802952],[27.171628,36.807922],[27.222081,36.824225],[27.255417,36.830594],[27.26548,36.830635],[27.285312,36.836201],[27.290117,36.839143],[27.302266,36.839884],[27.313252,36.8441],[27.324333,36.845428],[27.355992,36.859037],[27.351817,36.874826],[27.338989,36.890525],[27.323829,36.884577],[27.30767,36.886792],[27.301094,36.892944],[27.294338,36.893027],[27.290184,36.898726],[27.288834,36.896697],[27.289871,36.89498],[27.287733,36.894576],[27.286287,36.89618],[27.288472,36.898341],[27.286238,36.899407],[27.283923,36.909067],[27.280145,36.915667],[27.235322,36.894429],[27.201082,36.889734],[27.173713,36.891066],[27.156616,36.884797]]]},"properties":{"name":"Cos","scripture_name":"Cos","importance":4,"center":[27.13659,36.79368],"is_water":false,"references":["ACT 21:1"],"location_variant":null}},{"type":"Feature","geometry":{"type":"Polygon","coordinates":[[[34.93701,28.66857],[34.93701,28.62717],[34.93701,28.54436],[34.93701,28.50296],[34.93701,28.46156],[34.93701,28.42016],[34.93701,28.37876],[34.93701,28.33735],[34.98363,28.33735],[35.03026,28.37876],[35.07688,28.46156],[35.26338,28.95838],[35.17013,29.2482],[35.12351,29.20679],[34.98363,28.99978],[34.93701,28.83418],[34.93701,28.79277],[34.93701,28.75137],[34.93701,28.70997],[34.93701,28.66857]]]},"properties":{"name":"Midian","scripture_name":"Midian","importance":2,"center":[35.10019,28.79277],"is_water":false,"references":["GEN 36:35","EXO 2:15","EXO 2:16","EXO 3:1","EXO 4:19","EXO 18:1","NUM 22:4","NUM 22:7","NUM 25:15","NUM 25:18","NUM 31:3","NUM 31:7","NUM 31:8","NUM 31:9","JOS 13:21","JDG 6:1","JDG 6:2","JDG 6:3","JDG 6:6","JDG 6:7","JDG 6:13","JDG 6:14","JDG 6:16","JDG 6:33","JDG 7:1","JDG 7:2","JDG 7:7","JDG 7:8","JDG 7:12","JDG 7:13","JDG 7:14","JDG 7:15","JDG 7:23","JDG 7:24","JDG 7:25","JDG 8:1","JDG 8:3","JDG 8:5","JDG 8:12","JDG 8:22","JDG 8:26","JDG 8:28","JDG 9:17","1KI 11:18","1CH 1:46","PSA 83:9","ISA 9:4","ISA 10:26","ISA 60:6","HAB 3:7","ACT 7:29"],"location_variant":null}},{"type":"Feature","geometry":{"type":"Polygon","coordinates":[[[16.51527,44.68422],[15.93833,44.82889],[17.09222,43.81616],[17.66916,43.5268],[18.43842,43.81616],[18.2461,43.96083],[16.8999,44.53954],[16.51527,44.68422]]]},"properties":{"name":"Dalmatia","scripture_name":"Dalmatia","importance":3,"center":[17.18838,44.17785],"is_water":false,"references":["2TI 4:10"],"location_variant":null}},{"type":"Feature","geometry":{"type":"Polygon","coordinates":[[[36.842998,33.546925],[37.104613,35.134191],[36.502819,35.145589],[36.063758,33.549348],[36.842998,33.546925]]]},"properties":{"name":"Damascus","scripture_name":"Damascus","importance":2,"center":[36.58419,34.34626],"is_water":false,"references":["2KI 17:24","2KI 17:31","2KI 18:34","2KI 19:13","ISA 36:19","ISA 37:13"],"location_variant":null}},{"type":"Feature","geometry":{"type":"Polygon","coordinates":[[[35.61215,32.60086],[35.57759,32.51275],[35.88861,32.13092],[35.99229,32.10155],[36.02684,32.10155],[35.99229,32.42463],[35.88861,32.57149],[35.8195,32.6596],[35.78494,32.6596],[35.61215,32.60086]]]},"properties":{"name":"Decapolis","scripture_name":"Decapolis","importance":4,"center":[35.80222,32.38058],"is_water":false,"references":["MAT 4:25","MRK 5:20","MRK 7:31"],"location_variant":null}},{"type":"Feature","geometry":{"type":"Point","coordinates":[37.91667,26.65]},"properties":{"name":"Dedan","scripture_name":"Dedan","importance":3,"center":[37.91667,26.65],"is_water":false,"references":["ISA 21:13","JER 25:23","JER 49:8","EZE 25:13","EZE 27:15","EZE 27:20","EZE 38:13"],"location_variant":null}},{"type":"Feature","geometry":{"type":"Point","coordinates":[33.361453,37.348569]},"properties":{"name":"Derbe","scripture_name":"Derbe","importance":3,"center":[33.361453,37.348569],"is_water":false,"references":["ACT 14:6","ACT 14:20","ACT 14:21","ACT 16:1","ACT 20:4"],"location_variant":null}},{"type":"Feature","geometry":{"type":"Point","coordinates":[35.235,31.770556]},"properties":{"name":"Pool of Siloam","scripture_name":"Pool of Siloam","importance":4,"center":[35.235,31.770556],"is_water":false,"references":["NEH 2:14","NEH 3:15","LUK 13:4","JHN 9:7","JHN 9:11"],"location_variant":null}},{"type":"Feature","geometry":{"type":"Polygon","coordinates":[[[35.41521,30.181],[35.48269,30.181],[35.55017,30.181],[35.61765,30.181],[35.68513,30.23982],[35.75262,30.29864],[35.8201,30.41629],[35.88758,30.53394],[35.95506,30.65159],[36.02254,30.76924],[35.88758,30.82806],[35.75262,30.88688],[35.61765,30.94571],[35.55017,30.94571],[35.48269,30.94571],[35.28024,30.82806],[35.21276,30.71041],[35.21276,30.65159],[35.21276,30.59276],[35.21276,30.53394],[35.21276,30.47512],[35.34773,30.181],[35.41521,30.181]]]},"properties":{"name":"Edom","scripture_name":"Edom","importance":3,"center":[35.61765,30.56336],"is_water":false,"references":["GEN 32:3","GEN 36:9","GEN 36:16","GEN 36:17","GEN 36:20","GEN 36:21","GEN 36:31","GEN 36:32","GEN 36:40","GEN 36:43","EXO 15:15","NUM 20:14","NUM 20:18","NUM 20:20","NUM 20:21","NUM 20:23","NUM 21:4","NUM 24:18","NUM 33:37","NUM 34:3","JOS 15:1","JOS 15:21","JDG 5:4","JDG 11:17","JDG 11:18","1SA 14:47","2SA 8:12","2SA 8:13","2SA 8:14","1KI 9:26","1KI 11:1","1KI 11:14","1KI 11:15","1KI 11:16","1KI 22:47","2KI 3:8","2KI 3:9","2KI 3:12","2KI 3:20","2KI 3:26","2KI 8:20","2KI 8:21","2KI 8:22","2KI 14:7","2KI 14:10","2KI 16:6","1CH 1:43","1CH 1:51","1CH 1:54","1CH 18:11","1CH 18:12","1CH 18:13","2CH 8:17","2CH 20:2","2CH 21:8","2CH 21:9","2CH 21:10","2CH 25:19","2CH 25:20","2CH 28:17","PSA 60:1","PSA 60:8","PSA 60:9","PSA 83:6","PSA 108:9","PSA 108:10","PSA 137:7","ISA 11:14","ISA 34:5","ISA 34:6","ISA 34:8","ISA 34:9","ISA 34:10","ISA 34:11","ISA 63:1","JER 9:26","JER 25:21","JER 27:3","JER 40:11","JER 49:7","JER 49:8","JER 49:10","JER 49:14","JER 49:15","JER 49:17","JER 49:18","JER 49:19","JER 49:20","JER 49:21","JER 49:22","LAM 4:21","LAM 4:22","EZE 25:12","EZE 25:13","EZE 25:14","EZE 32:29","EZE 35:15","EZE 36:5","DAN 11:41","JOE 3:19","AMO 1:6","AMO 1:9","AMO 1:11","AMO 2:1","AMO 9:12","OBA 1:1","OBA 1:2","OBA 1:6","OBA 1:8","OBA 1:18","MAL 1:4"],"location_variant":null}},{"type":"Feature","geometry":{"type":"Polygon","coordinates":[[[35.173152,31.894707],[35.256951,31.875256],[35.303599,31.99012],[35.22139,32.004813],[35.173152,31.894707]]]},"properties":{"name":"Mizpah","scripture_name":"Mizpah","importance":4,"center":[35.23838,31.94003],"is_water":false,"references":["1SA 7:12"],"location_variant":null}},{"type":"Feature","geometry":{"type":"Point","coordinates":[48.516247,34.8065]},"properties":{"name":"Ecbatana","scripture_name":"Ecbatana","importance":3,"center":[48.516247,34.8065],"is_water":false,"references":["EZR 6:2"],"location_variant":null}},{"type":"Feature","geometry":{"type":"Point","coordinates":[34.851944,31.7775]},"properties":{"name":"Ekron","scripture_name":"Ekron","importance":4,"center":[34.851944,31.7775],"is_water":false,"references":["JOS 13:3","JOS 15:11","JOS 15:45","JOS 15:46","JOS 19:43","JDG 1:18","1SA 5:10","1SA 6:16","1SA 6:17","1SA 7:14","1SA 17:52","2KI 1:2","2KI 1:3","2KI 1:6","2KI 1:16","JER 25:20","AMO 1:8","ZEP 2:4","ZEC 9:5","ZEC 9:7"],"location_variant":null}},{"type":"Feature","geometry":{"type":"Polygon","coordinates":[[[47.54004,32.9664],[47.54004,32.69015],[48.00637,31.58515],[48.16181,31.44703],[48.31725,31.3089],[48.62813,31.03265],[49.09446,30.89453],[49.2499,30.89453],[49.40534,30.89453],[49.71622,31.03265],[49.87167,31.3089],[49.87167,31.44703],[49.87167,31.58515],[49.87167,31.72328],[49.71622,31.99953],[48.93902,32.69015],[48.62813,32.82827],[48.31725,32.9664],[48.00637,32.9664],[47.85093,32.9664],[47.69548,32.9664],[47.54004,32.9664]]]},"properties":{"name":"Elam","scripture_name":"Elam","importance":3,"center":[48.70585,31.93046],"is_water":false,"references":["GEN 14:1","GEN 14:9","EZR 4:9","ISA 11:11","ISA 21:2","ISA 22:6","JER 25:25","JER 49:34","JER 49:35","JER 49:36","JER 49:37","JER 49:38","JER 49:39","EZE 32:24","EZE 32:25","DAN 8:2"],"location_variant":null}},{"type":"Feature","geometry":{"type":"Polygon","coordinates":[[[34.86031,29.461441],[34.860357,29.46138],[34.860393,29.461354],[34.8605,29.461339],[34.860514,29.46135],[34.8605,29.461413],[34.860506,29.461444],[34.860549,29.461468],[34.860609,29.461494],[34.860638,29.461537],[34.860704,29.461808],[34.860788,29.462379],[34.860885,29.462503],[34.860987,29.462543],[34.861027,29.46258],[34.861022,29.462638],[34.860984,29.462673],[34.860917,29.46276],[34.860732,29.462984],[34.860646,29.463304],[34.86073,29.46392],[34.860732,29.464051],[34.860703,29.464177],[34.860722,29.464278],[34.860783,29.464343],[34.860778,29.464391],[34.86074,29.464414],[34.860691,29.46441],[34.860177,29.464266],[34.860039,29.464203],[34.859578,29.463857],[34.859342,29.463383],[34.859327,29.463348],[34.859281,29.463235],[34.859273,29.463145],[34.859308,29.463001],[34.859448,29.462801],[34.85945,29.462763],[34.859427,29.462742],[34.85932,29.4627],[34.859309,29.462676],[34.859305,29.462455],[34.859426,29.462225],[34.859544,29.461859],[34.859583,29.461821],[34.859623,29.461793],[34.859645,29.461737],[34.859661,29.461645],[34.859659,29.461607],[34.859643,29.461581],[34.859655,29.461557],[34.85974,29.461534],[34.859771,29.46152],[34.859807,29.461545],[34.859863,29.461544],[34.860286,29.461459],[34.86031,29.461441]]]},"properties":{"name":"Elath","scripture_name":"Elath","importance":4,"center":[34.86015,29.46288],"is_water":false,"references":["DEU 2:8","1KI 9:26","2KI 14:22","2KI 16:6","2CH 8:17","2CH 26:2"],"location_variant":null}},{"type":"Feature","geometry":{"type":"LineString","coordinates":[[33.122492,29.354125],[33.121033,29.3542],[33.11996,29.353452],[33.119659,29.352554],[33.119659,29.349711],[33.119187,29.348888],[33.117685,29.347841],[33.115239,29.347504],[33.111076,29.347691],[33.108115,29.348327],[33.10554,29.349487],[33.103609,29.349674],[33.098373,29.349374],[33.096056,29.349],[33.094339,29.348926],[33.091979,29.348402],[33.089619,29.348215],[33.086958,29.348252],[33.084168,29.347542],[33.082838,29.347467],[33.081765,29.347916],[33.080564,29.349599],[33.077087,29.352965],[33.075929,29.353826],[33.073869,29.354948],[33.072238,29.355584],[33.069534,29.355883],[33.063784,29.354724],[33.062797,29.354724],[33.06181,29.354985],[33.059964,29.355771],[33.058033,29.35708],[33.054643,29.360072],[33.052626,29.361194],[33.050051,29.361381],[33.046875,29.360185],[33.043485,29.359436],[33.040652,29.359212],[33.038678,29.358464],[33.037477,29.357155],[33.035932,29.353003],[33.031039,29.348664],[33.028851,29.345035],[33.028121,29.34324],[33.026791,29.34208],[33.024817,29.341444],[33.022156,29.33976],[33.020997,29.338152],[33.018765,29.337029],[33.015847,29.335944],[33.0125,29.334149],[33.009839,29.333064],[33.007436,29.331455],[33.005676,29.329884],[33.004346,29.32835],[33.002028,29.326479],[32.998509,29.323186],[32.992759,29.318921],[32.989841,29.316975],[32.987652,29.315029],[32.985678,29.312484],[32.983918,29.309453],[32.982588,29.305412],[32.982845,29.298077],[32.982759,29.295382],[32.980957,29.291564],[32.980131,29.288795],[32.977411,29.28312],[32.976981,29.281805],[32.975893,29.279923],[32.975121,29.27779],[32.97452,29.27457],[32.973232,29.272025],[32.971687,29.270078],[32.966881,29.267682],[32.965336,29.266559],[32.959714,29.261018],[32.958984,29.260045],[32.95671,29.258285],[32.955379,29.257499],[32.953448,29.257349],[32.950702,29.257461],[32.94817,29.25821],[32.946496,29.259184],[32.944522,29.26158],[32.94302,29.262666],[32.937484,29.264837],[32.934051,29.266409],[32.932763,29.266746],[32.930832,29.266821],[32.928729,29.266334],[32.92697,29.265361],[32.92624,29.264313],[32.92521,29.260906],[32.922249,29.259034],[32.92109,29.25851],[32.917185,29.255177],[32.914352,29.254167],[32.903323,29.254391],[32.893796,29.253642],[32.889934,29.253642],[32.887273,29.254017],[32.884741,29.25368],[32.880836,29.251433],[32.878033,29.249079]]},"properties":{"name":"Elim","scripture_name":"Elim","importance":3,"center":[33.007436,29.331455],"is_water":true,"references":["EXO 15:27","EXO 16:1","NUM 33:9","NUM 33:10"],"location_variant":null}},{"type":"Feature","geometry":{"type":"Polygon","coordinates":[[[36.12235,40.91592],[36.12235,40.82394],[36.48011,40.73197],[36.83786,40.63999],[37.31487,40.54802],[37.31487,40.63999],[37.31487,40.73197],[37.31487,40.82394],[36.48011,40.91592],[36.36086,40.91592],[36.2416,40.91592],[36.12235,40.91592]]]},"properties":{"name":"Pontus","scripture_name":"Pontus","importance":3,"center":[36.71861,40.73197],"is_water":false,"references":["ACT 2:9","ACT 18:2","1PE 1:1"],"location_variant":null}},{"type":"Feature","geometry":{"type":"Point","coordinates":[34.989458,31.8393]},"properties":{"name":"Nicopolis","scripture_name":"Nicopolis","importance":4,"center":[34.989458,31.8393],"is_water":false,"references":["LUK 24:13","LUK 24:28","LUK 24:35"],"location_variant":null}},{"type":"Feature","geometry":{"type":"Point","coordinates":[35.16419,31.79289]},"properties":{"name":"Emmaus","scripture_name":"Emmaus","importance":4,"center":[35.16419,31.79289],"is_water":false,"references":["LUK 24:13","LUK 24:28","LUK 24:35"],"location_variant":null}},{"type":"Feature","geometry":{"type":"Point","coordinates":[35.390222,32.643614]},"properties":{"name":"Endor","scripture_name":"Endor","importance":4,"center":[35.390222,32.643614],"is_water":false,"references":["JOS 17:11","1SA 28:7","PSA 83:10"],"location_variant":null}},{"type":"Feature","geometry":{"type":"Polygon","coordinates":[[[35.401213,31.464095],[35.378021,31.461094],[35.372933,31.46034],[35.367161,31.461488],[35.358893,31.464223],[35.351791,31.468925],[35.345659,31.46794],[35.349772,31.464152],[35.34853,31.46011],[35.350874,31.455509],[35.358737,31.454237],[35.361204,31.452982],[35.365899,31.448944],[35.375945,31.452907],[35.37947,31.451779],[35.379767,31.448263],[35.3964,31.449905],[35.401213,31.464095]]]},"properties":{"name":"En-gedi","scripture_name":"En-gedi","importance":4,"center":[35.37344,31.45859],"is_water":false,"references":["JOS 15:62","1SA 23:29","1SA 24:1","2CH 20:2","SNG 1:14","EZE 47:10"],"location_variant":null}},{"type":"Feature","geometry":{"type":"Point","coordinates":[27.3407,37.939125]},"properties":{"name":"Ephesus","scripture_name":"Ephesus","importance":2,"center":[27.3407,37.939125],"is_water":false,"references":["ACT 18:19","ACT 18:21","ACT 18:24","ACT 18:27","ACT 19:1","ACT 19:17","ACT 19:23","ACT 19:26","ACT 19:35","ACT 20:16","ACT 20:17","ACT 21:29","1CO 15:32","1CO 16:8","EPH 1:1","1TI 1:3","2TI 1:18","2TI 4:12","REV 1:11","REV 2:1"],"location_variant":null}},{"type":"Feature","geometry":{"type":"Polygon","coordinates":[[[35.28043,32.09544],[35.17748,32.11002],[35.16033,32.11002],[35.12601,32.11002],[35.14317,32.09544],[35.2118,32.08086],[35.22896,32.08086],[35.26327,32.08086],[35.28043,32.08086],[35.28043,32.09544]]]},"properties":{"name":"Ephraim","scripture_name":"Ephraim","importance":4,"center":[35.20322,32.09544],"is_water":false,"references":["JER 4:15","JER 31:6","JER 50:19"],"location_variant":null}},{"type":"Feature","geometry":{"type":"Point","coordinates":[45.636111,31.322222]},"properties":{"name":"Erech","scripture_name":"Erech","importance":3,"center":[45.636111,31.322222],"is_water":false,"references":["GEN 10:10","EZR 4:9"],"location_variant":null}},{"type":"Feature","geometry":{"type":"Polygon","coordinates":[[[34.86031,29.461441],[34.860357,29.46138],[34.860393,29.461354],[34.8605,29.461339],[34.860514,29.46135],[34.8605,29.461413],[34.860506,29.461444],[34.860549,29.461468],[34.860609,29.461494],[34.860638,29.461537],[34.860704,29.461808],[34.860788,29.462379],[34.860885,29.462503],[34.860987,29.462543],[34.861027,29.46258],[34.861022,29.462638],[34.860984,29.462673],[34.860917,29.46276],[34.860732,29.462984],[34.860646,29.463304],[34.86073,29.46392],[34.860732,29.464051],[34.860703,29.464177],[34.860722,29.464278],[34.860783,29.464343],[34.860778,29.464391],[34.86074,29.464414],[34.860691,29.46441],[34.860177,29.464266],[34.860039,29.464203],[34.859578,29.463857],[34.859342,29.463383],[34.859327,29.463348],[34.859281,29.463235],[34.859273,29.463145],[34.859308,29.463001],[34.859448,29.462801],[34.85945,29.462763],[34.859427,29.462742],[34.85932,29.4627],[34.859309,29.462676],[34.859305,29.462455],[34.859426,29.462225],[34.859544,29.461859],[34.859583,29.461821],[34.859623,29.461793],[34.859645,29.461737],[34.859661,29.461645],[34.859659,29.461607],[34.859643,29.461581],[34.859655,29.461557],[34.85974,29.461534],[34.859771,29.46152],[34.859807,29.461545],[34.859863,29.461544],[34.860286,29.461459],[34.86031,29.461441]]]},"properties":{"name":"Ezion-geber","scripture_name":"Ezion-geber","importance":4,"center":[34.86015,29.46288],"is_water":false,"references":["NUM 33:35","NUM 33:36","DEU 2:8","1KI 9:26","1KI 22:48","2CH 8:17","2CH 20:36"],"location_variant":null}},{"type":"Feature","geometry":{"type":"Point","coordinates":[24.800306,34.929694]},"properties":{"name":"Fair Havens","scripture_name":"Fair Havens","importance":3,"center":[24.800306,34.929694],"is_water":false,"references":["ACT 27:8","ACT 27:12"],"location_variant":null}},{"type":"Feature","geometry":{"type":"Polygon","coordinates":[[[31.50194,37.66055],[31.70788,37.49538],[31.91382,37.33022],[32.11976,37.16505],[33.3554,37.33022],[33.56134,37.49538],[35.20886,39.8077],[35.00292,40.96386],[34.79698,41.12903],[34.17916,40.96386],[33.56134,40.7987],[33.14946,40.63353],[32.73758,40.46836],[32.53164,40.3032],[31.70788,39.47737],[30.88412,38.32121],[30.88412,38.15605],[31.50194,37.66055]]]},"properties":{"name":"Galatia","scripture_name":"Galatia","importance":2,"center":[33.04649,39.14704],"is_water":false,"references":["ACT 16:6","ACT 18:23","1CO 16:1","GAL 1:2","2TI 4:10","1PE 1:1"],"location_variant":null}},{"type":"Feature","geometry":{"type":"Polygon","coordinates":[[[35.29702,32.60062],[35.32407,32.60062],[35.45934,32.62347],[35.48639,32.64631],[35.51344,32.66916],[35.5405,32.692],[35.5946,32.89759],[35.5946,32.92043],[35.5946,32.94328],[35.5946,32.96612],[35.5946,32.98897],[35.5946,33.01181],[35.56755,33.08034],[35.43228,33.10318],[35.40523,33.10318],[35.37818,33.10318],[35.29702,33.03465],[35.24291,32.96612],[35.16175,32.8519],[35.1347,32.76053],[35.1347,32.73769],[35.21586,32.62347],[35.29702,32.60062]]]},"properties":{"name":"Galilee","scripture_name":"Galilee","importance":2,"center":[35.36465,32.8519],"is_water":false,"references":["JOS 20:7","JOS 21:32","1KI 9:11","2KI 15:29","1CH 6:76","ISA 9:1","MAT 2:22","MAT 3:13","MAT 4:12","MAT 4:13","MAT 4:15","MAT 4:23","MAT 4:25","MAT 11:1","MAT 14:1","MAT 15:21","MAT 17:22","MAT 19:1","MAT 21:11","MAT 26:32","MAT 26:69","MAT 27:55","MAT 28:7","MAT 28:10","MAT 28:16","MRK 1:9","MRK 1:14","MRK 1:28","MRK 1:39","MRK 3:7","MRK 6:21","MRK 7:24","MRK 8:27","MRK 9:30","MRK 14:28","MRK 15:41","MRK 16:7","LUK 1:26","LUK 2:4","LUK 2:39","LUK 3:1","LUK 3:19","LUK 4:14","LUK 4:31","LUK 5:17","LUK 8:26","LUK 9:7","LUK 13:1","LUK 13:2","LUK 17:11","LUK 23:5","LUK 23:6","LUK 23:7","LUK 23:49","LUK 23:55","LUK 24:6","JHN 1:43","JHN 2:1","JHN 2:11","JHN 4:3","JHN 4:43","JHN 4:45","JHN 4:46","JHN 4:47","JHN 4:54","JHN 7:1","JHN 7:3","JHN 7:9","JHN 7:41","JHN 7:52","JHN 12:21","JHN 21:2","ACT 1:11","ACT 2:7","ACT 5:37","ACT 9:31","ACT 10:37","ACT 13:31"],"location_variant":null}},{"type":"Feature","geometry":{"type":"Polygon","coordinates":[[[34.9,32.01295],[34.89224,32.01261],[34.88456,32.01158],[34.87706,32.00987],[34.8698,32.00751],[34.86288,32.00451],[34.85637,32.00092],[34.85033,31.99677],[34.84484,31.99211],[34.83995,31.98699],[34.83573,31.98146],[34.8322,31.97559],[34.82942,31.96943],[34.82742,31.96307],[34.82621,31.95656],[34.82581,31.94998],[34.82622,31.9434],[34.82744,31.93689],[34.82945,31.93053],[34.83224,31.92438],[34.83577,31.91851],[34.84,31.91298],[34.84489,31.90786],[34.85038,31.90321],[34.85642,31.89906],[34.86293,31.89548],[34.86984,31.89249],[34.87709,31.89013],[34.88459,31.88842],[34.89225,31.88739],[34.9,31.88705],[34.90775,31.88739],[34.91541,31.88842],[34.92291,31.89013],[34.93016,31.89249],[34.93707,31.89548],[34.94358,31.89906],[34.94962,31.90321],[34.95511,31.90786],[34.96,31.91298],[34.96423,31.91851],[34.96776,31.92438],[34.97055,31.93053],[34.97256,31.93689],[34.97378,31.9434],[34.97419,31.94998],[34.97379,31.95656],[34.97258,31.96307],[34.97058,31.96943],[34.9678,31.97559],[34.96427,31.98146],[34.96005,31.98699],[34.95516,31.99211],[34.94967,31.99677],[34.94363,32.00092],[34.93712,32.00451],[34.9302,32.00751],[34.92294,32.00987],[34.91544,32.01158],[34.90776,32.01261],[34.9,32.01295]]]},"properties":{"name":"Gath","scripture_name":"Gath","importance":4,"center":[34.9,31.95],"is_water":false,"references":["1CH 7:21","1CH 8:13"],"location_variant":null}},{"type":"Feature","geometry":{"type":"Point","coordinates":[34.4644,31.504]},"properties":{"name":"Gaza","scripture_name":"Gaza","importance":4,"center":[34.4644,31.504],"is_water":false,"references":["GEN 10:19","DEU 2:23","JOS 10:41","JOS 11:22","JOS 13:3","JOS 15:47","JDG 1:18","JDG 6:4","JDG 16:1","JDG 16:2","JDG 16:21","1SA 6:17","1KI 4:24","2KI 18:8","JER 25:20","JER 47:1","JER 47:5","AMO 1:6","AMO 1:7","ZEP 2:4","ZEC 9:5","ACT 8:26"],"location_variant":null}},{"type":"Feature","geometry":{"type":"Point","coordinates":[35.239425,31.779419]},"properties":{"name":"Gethsemane","scripture_name":"Gethsemane","importance":4,"center":[35.239425,31.779419],"is_water":false,"references":["MAT 26:36","MRK 14:32"],"location_variant":null}},{"type":"Feature","geometry":{"type":"Point","coordinates":[34.919167,31.859167]},"properties":{"name":"Gezer","scripture_name":"Gezer","importance":4,"center":[34.919167,31.859167],"is_water":false,"references":["JOS 10:33","JOS 12:12","JOS 16:3","JOS 16:10","JOS 21:21","JDG 1:29","2SA 5:25","1KI 9:15","1KI 9:16","1KI 9:17","1CH 6:67","1CH 7:28","1CH 14:16","1CH 20:4"],"location_variant":null}},{"type":"Feature","geometry":{"type":"Polygon","coordinates":[[[35.133674,31.52217],[35.04736,31.520131],[34.935599,31.381839],[35.159464,31.382627],[35.133674,31.52217]]]},"properties":{"name":"Hebron","scripture_name":"Hebron","importance":4,"center":[35.04753,31.452],"is_water":false,"references":["JOS 15:57","2CH 13:2"],"location_variant":null}},{"type":"Feature","geometry":{"type":"Polygon","coordinates":[[[35.24139,31.94076],[35.23917,31.94067],[35.23698,31.94037],[35.23484,31.93988],[35.23277,31.93921],[35.23079,31.93835],[35.22893,31.93733],[35.22721,31.93614],[35.22564,31.93481],[35.22424,31.93335],[35.22303,31.93177],[35.22203,31.93009],[35.22123,31.92833],[35.22066,31.92652],[35.22031,31.92466],[35.2202,31.92278],[35.22031,31.9209],[35.22066,31.91904],[35.22124,31.91722],[35.22203,31.91546],[35.22304,31.91378],[35.22425,31.9122],[35.22564,31.91074],[35.22721,31.90941],[35.22894,31.90823],[35.2308,31.9072],[35.23277,31.90635],[35.23484,31.90567],[35.23698,31.90518],[35.23917,31.90489],[35.24139,31.90479],[35.2436,31.90489],[35.24579,31.90518],[35.24794,31.90567],[35.25001,31.90635],[35.25198,31.9072],[35.25384,31.90823],[35.25557,31.90941],[35.25714,31.91074],[35.25853,31.9122],[35.25974,31.91378],[35.26075,31.91546],[35.26154,31.91722],[35.26212,31.91904],[35.26246,31.9209],[35.26258,31.92278],[35.26246,31.92466],[35.26212,31.92652],[35.26154,31.92833],[35.26075,31.93009],[35.25974,31.93177],[35.25854,31.93335],[35.25714,31.93481],[35.25557,31.93614],[35.25385,31.93733],[35.25199,31.93835],[35.25001,31.93921],[35.24794,31.93988],[35.2458,31.94037],[35.2436,31.94067],[35.24139,31.94076]]]},"properties":{"name":"Gibeah","scripture_name":"Gibeah","importance":4,"center":[35.24139,31.92278],"is_water":false,"references":["JOS 24:33"],"location_variant":null}},{"type":"Feature","geometry":{"type":"Polygon","coordinates":[[[35.69601,32.20091],[35.69601,32.159],[35.69601,32.09612],[35.69601,32.07517],[35.69601,31.97038],[35.69601,31.94942],[35.72062,31.94942],[35.74523,31.97038],[35.96671,32.26379],[35.99132,32.36857],[35.96671,32.41049],[35.86827,32.57815],[35.84366,32.57815],[35.81906,32.57815],[35.76984,32.55719],[35.74523,32.51528],[35.69601,32.36857],[35.69601,32.34762],[35.69601,32.32666],[35.69601,32.3057],[35.69601,32.28474],[35.69601,32.26379],[35.69601,32.20091]]]},"properties":{"name":"Gilead","scripture_name":"Gilead","importance":4,"center":[35.84367,32.26378],"is_water":false,"references":["GEN 31:21","GEN 31:23","GEN 31:25","GEN 37:25","NUM 32:1","NUM 32:26","NUM 32:29","NUM 32:39","NUM 32:40","NUM 32:41","DEU 2:36","DEU 3:10","DEU 3:12","DEU 3:13","DEU 3:15","DEU 3:16","DEU 4:43","DEU 34:1","JOS 12:2","JOS 12:5","JOS 13:11","JOS 13:25","JOS 13:31","JOS 17:1","JOS 17:5","JOS 17:6","JOS 20:8","JOS 21:38","JOS 22:9","JOS 22:13","JOS 22:15","JOS 22:32","JDG 5:17","JDG 10:3","JDG 10:4","JDG 10:8","JDG 10:17","JDG 10:18","JDG 11:5","JDG 11:7","JDG 11:8","JDG 11:9","JDG 11:10","JDG 11:11","JDG 11:29","JDG 12:4","JDG 12:5","JDG 12:7","JDG 20:1","1SA 13:7","2SA 2:9","2SA 17:26","2SA 17:27","2SA 19:31","2SA 24:6","1KI 2:7","1KI 4:13","1KI 4:19","1KI 17:1","2KI 10:33","2KI 15:25","2KI 15:29","1CH 2:22","1CH 5:9","1CH 5:10","1CH 5:16","1CH 6:80","1CH 26:31","1CH 27:21","EZR 2:61","NEH 7:63","PSA 60:7","PSA 108:8","SNG 4:1","SNG 6:5","JER 8:22","JER 22:6","JER 46:11","JER 50:19","EZE 47:18","HOS 12:11","AMO 1:3","AMO 1:13","OBA 1:19","MIC 7:14","ZEC 10:10"],"location_variant":null}},{"type":"Feature","geometry":{"type":"Point","coordinates":[35.459969,31.881883]},"properties":{"name":"Gilgal","scripture_name":"Gilgal","importance":4,"center":[35.459969,31.881883],"is_water":false,"references":["JOS 4:19","JOS 4:20","JOS 5:9","JOS 5:10","JOS 9:6","JOS 10:6","JOS 10:7","JOS 10:9","JOS 10:15","JOS 10:43","JOS 14:6","JDG 2:1","JDG 3:19","1SA 7:16","1SA 10:8","1SA 11:14","1SA 11:15","1SA 13:4","1SA 13:7","1SA 13:8","1SA 13:12","1SA 13:15","1SA 15:12","1SA 15:21","1SA 15:33","2SA 19:15","2SA 19:40","HOS 4:15","HOS 9:15","HOS 12:11","AMO 4:4","AMO 5:5","MIC 6:5"],"location_variant":null}},{"type":"Feature","geometry":{"type":"Point","coordinates":[35.934722,32.781111]},"properties":{"name":"Golan","scripture_name":"Golan","importance":4,"center":[35.934722,32.781111],"is_water":false,"references":["DEU 4:43","JOS 20:8","JOS 21:27","1CH 6:71"],"location_variant":null}},{"type":"Feature","geometry":{"type":"Point","coordinates":[35.22975,31.778444]},"properties":{"name":"Golgotha","scripture_name":"Golgotha","importance":4,"center":[35.22975,31.778444],"is_water":false,"references":["MAT 27:33","MRK 15:22","LUK 23:33","JHN 19:17"],"location_variant":null}},{"type":"Feature","geometry":{"type":"Polygon","coordinates":[[[31.81859,30.86821],[31.56946,30.83224],[31.61098,30.40057],[31.6525,30.43654],[31.90164,30.83224],[31.81859,30.86821]]]},"properties":{"name":"Goshen","scripture_name":"Goshen","importance":4,"center":[31.73555,30.63439],"is_water":false,"references":["GEN 45:10","GEN 46:28","GEN 46:29","GEN 46:34","GEN 47:1","GEN 47:4","GEN 47:6","GEN 47:27","GEN 50:8","EXO 8:22","EXO 9:26"],"location_variant":null}},{"type":"Feature","geometry":{"type":"Polygon","coordinates":[[[-5.059108,36.019613],[-5.117805,35.665487],[-4.499633,35.307226],[-2.988166,35.527792],[-1.962276,35.245673],[-0.756545,35.89537],[0.289383,36.359661],[2.314734,36.744466],[3.82732,37.111874],[5.348983,36.839402],[5.809423,37.072917],[8.086871,37.188496],[9.610212,37.518437],[11.029821,37.255215],[11.334762,36.995458],[10.976304,36.134165],[11.358003,35.192403],[10.587897,34.20995],[12.470949,32.97462],[13.144661,33.123303],[15.352058,32.550678],[15.716814,31.568542],[18.144941,31.051307],[19.068672,30.390776],[19.881405,31.109668],[19.70053,32.194911],[20.807608,32.86639],[22.437585,33.067134],[23.320526,32.598418],[24.899154,32.087131],[27.269542,31.489506],[28.333673,31.221584],[29.084772,30.925417],[30.23887,31.560918],[31.032129,31.781232],[31.926053,31.669766],[32.610156,31.166131],[33.029539,31.33009],[33.690969,31.268046],[34.315114,31.602683],[34.87919,32.94342],[35.775241,34.659547],[35.62671,35.503094],[35.662921,36.355668],[34.843393,36.619776],[33.933215,36.076309],[32.714115,35.91469],[30.777386,36.736311],[30.571703,36.092113],[29.413139,36.053078],[28.846286,36.372306],[27.573543,36.438793],[26.291849,38.738835],[25.823311,40.010259],[24.862732,40.355581],[23.356819,39.60364],[24.789236,38.164005],[23.382356,36.947522],[23.393528,36.284454],[21.456893,36.504213],[20.955569,38.288132],[19.217413,40.299186],[19.267034,41.707569],[16.575685,42.959296],[13.390366,45.277724],[12.980585,45.293228],[12.575197,44.490184],[13.66839,43.751176],[14.980478,42.237631],[16.476105,41.97549],[16.231153,41.592993],[18.655414,40.198971],[18.499436,39.657121],[16.991762,40.289924],[16.709968,39.807705],[17.285628,39.402073],[17.414601,38.903466],[16.693647,38.372818],[16.126436,37.835136],[15.60854,37.939045],[15.609022,38.225786],[15.676107,38.254936],[15.590668,38.536237],[15.506481,39.650649],[10.378687,42.767722],[9.907548,43.869787],[8.744007,44.180523],[6.24801,42.748505],[4.236519,43.263792],[3.430629,42.769344],[3.614332,41.596146],[1.817681,40.917756],[-0.053978,39.558823],[0.635683,38.659868],[-1.758423,36.586715],[-4.122767,36.591086],[-5.059108,36.019613]]]},"properties":{"name":"Mediterranean Sea","scripture_name":"Mediterranean Sea","importance":2,"center":[23.7,34.5],"is_water":false,"references":["EXO 23:31","NUM 13:29","NUM 34:5","NUM 34:6","NUM 34:7","DEU 11:24","DEU 34:2","JOS 1:4","JOS 5:1","JOS 9:1","JOS 15:4","JOS 15:11","JOS 15:12","JOS 15:47","JOS 16:3","JOS 16:6","JOS 16:8","JOS 17:9","JOS 17:10","JOS 19:29","JOS 23:4","1KI 5:9","2CH 2:16","EZR 3:7","PSA 80:11","ISA 11:11","JER 47:5","EZE 47:10","EZE 47:15","EZE 47:17","EZE 47:19","EZE 47:20","EZE 48:28","DAN 7:2","JOE 2:20","ZEC 14:8"],"location_variant":null}},{"type":"Feature","geometry":{"type":"Polygon","coordinates":[[[34.713554,31.557625],[34.945039,31.550752],[34.985133,31.686723],[34.741279,31.696086],[34.713554,31.557625]]]},"properties":{"name":"Lachish","scripture_name":"Lachish","importance":4,"center":[34.84934,31.62342],"is_water":false,"references":["JOS 15:37"],"location_variant":null}},{"type":"Feature","geometry":{"type":"LineString","coordinates":[[47.198778,33.292032],[47.231899,33.249278],[47.263607,33.252645],[47.274734,33.233707],[47.348964,33.221317],[47.355926,33.203029],[47.397982,33.202132],[47.436123,33.172741],[47.434816,33.154422],[47.472889,33.146725],[47.489937,33.113933],[47.522597,33.106048],[47.529325,33.08357],[47.549868,33.089763],[47.590314,33.047947],[47.815295,32.970814],[47.842553,32.936858],[47.868512,32.940146],[47.890052,32.912139],[47.932797,32.899218],[47.979273,32.842355],[48.003235,32.852601],[48.038436,32.827097],[48.055082,32.784264],[48.067326,32.788017],[48.051632,32.769592],[48.067672,32.761428],[48.062725,32.736579],[48.085568,32.71831],[48.063084,32.708362],[48.088062,32.689578],[47.967724,32.657513],[47.952688,32.634542],[47.988313,32.610863],[47.919994,32.600205],[47.929114,32.581492],[47.901209,32.56662],[47.940797,32.55991],[47.934391,32.533119],[47.953659,32.535045],[47.942131,32.515905],[47.987407,32.535749],[48.063054,32.496305],[48.12734,32.494539],[48.155586,32.454629],[48.144576,32.439611],[48.167641,32.259679],[48.225925,32.17857],[48.204733,32.131066],[48.225959,32.090094],[48.210492,32.081865],[48.224663,32.060269],[48.252322,32.057682],[48.232663,32.035819],[48.277628,32.000906],[48.235056,31.967606],[48.238657,31.945942],[48.260745,31.951329],[48.240561,31.935597],[48.264581,31.937087],[48.251075,31.887859],[48.309887,31.874425],[48.308019,31.861822],[48.354534,31.866492],[48.332095,31.848324],[48.39448,31.820734],[48.379884,31.816641],[48.391236,31.801997],[48.425089,31.809308],[48.411481,31.784164],[48.45157,31.787636],[48.453639,31.773212],[48.424749,31.777521],[48.479469,31.746654],[48.480852,31.714455],[48.520847,31.680378],[48.580955,31.65674],[48.566974,31.643595],[48.590325,31.620301],[48.548652,31.60284],[48.542003,31.579601],[48.464016,31.58298],[48.473834,31.559082],[48.443437,31.557136],[48.43413,31.533166],[48.462626,31.503732],[48.375405,31.460352],[48.381591,31.494862],[48.343686,31.477596],[48.284854,31.534123],[48.047837,31.658079],[48.02827,31.706766],[47.975851,31.740141],[47.900969,31.776066],[47.875575,31.779502],[47.865089,31.760415]]},"properties":{"name":"Hamath","scripture_name":"Hamath","importance":4,"center":[48.204733,32.131066],"is_water":true,"references":["2KI 17:24","2KI 17:30"],"location_variant":null}},{"type":"Feature","geometry":{"type":"Polygon","coordinates":[[[35.98844,33.89764],[35.98844,33.87814],[36.01173,33.87814],[36.03502,33.87814],[36.05832,33.89764],[36.08161,33.91713],[36.1049,33.93662],[36.1282,33.95612],[36.1049,33.95612],[36.08161,33.95612],[36.05832,33.95612],[36.03502,33.93662],[36.01173,33.91713],[35.98844,33.89764]]]},"properties":{"name":"Zobah","scripture_name":"Zobah","importance":4,"center":[36.05832,33.91713],"is_water":false,"references":["1SA 14:47","2SA 8:3","2SA 8:5","2SA 8:12","2SA 10:6","2SA 10:8","2SA 23:36","1KI 11:23","1KI 11:24","1CH 11:47","1CH 18:5","1CH 18:9","1CH 19:6","PSA 60:1"],"location_variant":null}},{"type":"Feature","geometry":{"type":"Point","coordinates":[35.550553,32.766368]},"properties":{"name":"Tiberias","scripture_name":"Tiberias","importance":4,"center":[35.550553,32.766368],"is_water":false,"references":["JOS 19:35"],"location_variant":null}},{"type":"Feature","geometry":{"type":"Polygon","coordinates":[[[36.36148,32.73844],[36.32862,32.73844],[36.29576,32.71063],[36.42721,32.65502],[36.46007,32.65502],[36.49293,32.65502],[36.59152,32.68282],[36.62438,32.71063],[36.46007,32.73844],[36.42721,32.73844],[36.39435,32.73844],[36.36148,32.73844]]]},"properties":{"name":"Haran","scripture_name":"Haran","importance":3,"center":[36.46007,32.69673],"is_water":false,"references":["EZE 47:16","EZE 47:18"],"location_variant":null}},{"type":"Feature","geometry":{"type":"Polygon","coordinates":[[[35.459225,33.079162],[35.50477,32.990118],[35.629417,33.031869],[35.604591,33.142043],[35.459225,33.079162]]]},"properties":{"name":"Hazor","scripture_name":"Hazor","importance":4,"center":[35.54432,33.06608],"is_water":false,"references":["1KI 17:1","2KI 1:3","2KI 1:8","2KI 9:36"],"location_variant":null}},{"type":"Feature","geometry":{"type":"Point","coordinates":[35.809062,31.800811]},"properties":{"name":"Heshbon","scripture_name":"Heshbon","importance":4,"center":[35.809062,31.800811],"is_water":false,"references":["NUM 21:25","NUM 21:26","NUM 21:27","NUM 21:28","NUM 21:30","NUM 21:34","NUM 32:3","NUM 32:37","DEU 1:4","DEU 2:24","DEU 2:26","DEU 2:30","DEU 3:2","DEU 3:6","DEU 4:46","DEU 29:7","JOS 9:10","JOS 12:2","JOS 12:5","JOS 13:10","JOS 13:17","JOS 13:21","JOS 13:26","JOS 13:27","JOS 21:39","JDG 11:19","JDG 11:26","1CH 6:81","NEH 9:22","SNG 7:4","ISA 15:4","ISA 16:8","ISA 16:9","JER 48:2","JER 48:34","JER 48:45","JER 49:3"],"location_variant":null}},{"type":"Feature","geometry":{"type":"Point","coordinates":[29.127375,37.926616]},"properties":{"name":"Hierapolis","scripture_name":"Hierapolis","importance":4,"center":[29.127375,37.926616],"is_water":false,"references":["COL 4:13"],"location_variant":null}},{"type":"Feature","geometry":{"type":"Polygon","coordinates":[[[35.23556,31.79576],[35.23334,31.79567],[35.23116,31.79537],[35.22902,31.79488],[35.22695,31.79421],[35.22498,31.79335],[35.22312,31.79233],[35.2214,31.79114],[35.21983,31.78981],[35.21844,31.78835],[35.21723,31.78677],[35.21623,31.78509],[35.21543,31.78333],[35.21486,31.78152],[35.21451,31.77966],[35.2144,31.77778],[35.21451,31.7759],[35.21486,31.77404],[35.21543,31.77222],[35.21623,31.77046],[35.21723,31.76878],[35.21844,31.7672],[35.21983,31.76574],[35.2214,31.76441],[35.22312,31.76323],[35.22498,31.7622],[35.22695,31.76135],[35.22902,31.76067],[35.23116,31.76018],[35.23334,31.75989],[35.23556,31.75979],[35.23777,31.75989],[35.23995,31.76018],[35.24209,31.76067],[35.24416,31.76135],[35.24613,31.7622],[35.24799,31.76323],[35.24971,31.76441],[35.25128,31.76574],[35.25267,31.7672],[35.25388,31.76878],[35.25488,31.77046],[35.25568,31.77222],[35.25625,31.77404],[35.2566,31.7759],[35.25671,31.77778],[35.2566,31.77966],[35.25625,31.78152],[35.25568,31.78333],[35.25489,31.78509],[35.25388,31.78677],[35.25268,31.78835],[35.25128,31.78981],[35.24972,31.79114],[35.24799,31.79233],[35.24614,31.79335],[35.24416,31.79421],[35.2421,31.79488],[35.23996,31.79537],[35.23777,31.79567],[35.23556,31.79576]]]},"properties":{"name":"Mount Moriah","scripture_name":"Mount Moriah","importance":4,"center":[35.23555,31.77777],"is_water":false,"references":["GEN 22:2"],"location_variant":null}},{"type":"Feature","geometry":{"type":"Point","coordinates":[35.196111,33.270833]},"properties":{"name":"Tyre","scripture_name":"Tyre","importance":3,"center":[35.196111,33.270833],"is_water":false,"references":["JOS 19:29","2SA 5:11","2SA 24:7","1KI 5:1","1KI 7:13","1KI 7:14","1KI 9:11","1KI 9:12","1CH 14:1","1CH 22:4","2CH 2:3","2CH 2:11","2CH 2:14","EZR 3:7","NEH 13:16","PSA 45:12","PSA 83:7","PSA 87:4","ISA 23:1","ISA 23:3","ISA 23:4","ISA 23:5","ISA 23:8","ISA 23:10","ISA 23:15","ISA 23:17","JER 25:22","JER 27:3","JER 47:4","EZE 26:2","EZE 26:3","EZE 26:4","EZE 26:5","EZE 26:7","EZE 26:15","EZE 26:19","EZE 27:2","EZE 27:3","EZE 27:8","EZE 27:32","EZE 28:2","EZE 28:12","EZE 29:18","EZE 29:20","HOS 9:13","JOE 3:4","AMO 1:9","AMO 1:10","ZEC 9:2","ZEC 9:3","ZEC 9:4","ZEC 9:5","MAT 11:21","MAT 11:22","MAT 15:21","MRK 3:8","MRK 7:24","MRK 7:31","LUK 6:17","LUK 10:13","LUK 10:14","ACT 12:20","ACT 21:3","ACT 21:7"],"location_variant":null}},{"type":"Feature","geometry":{"type":"Point","coordinates":[32.492331,37.872202]},"properties":{"name":"Iconium","scripture_name":"Iconium","importance":3,"center":[32.492331,37.872202],"is_water":false,"references":["ACT 13:51","ACT 14:1","ACT 14:19","ACT 14:21","ACT 16:2","2TI 3:11"],"location_variant":null}},{"type":"Feature","geometry":{"type":"Polygon","coordinates":[[[34.860216,31.745623],[34.512165,31.381663],[34.774822,31.24537],[35.372166,31.183454],[35.454223,31.699954],[34.860216,31.745623]]]},"properties":{"name":"Idumea","scripture_name":"Idumea","importance":4,"center":[34.98319,31.46454],"is_water":false,"references":["MRK 3:8"],"location_variant":null}},{"type":"Feature","geometry":{"type":"Polygon","coordinates":[[[17.12464,44.06862],[17.12464,43.95523],[17.27535,43.72843],[17.57677,43.84183],[17.42606,43.95523],[17.12464,44.06862]]]},"properties":{"name":"Illyricum","scripture_name":"Illyricum","importance":3,"center":[17.3507,43.89853],"is_water":false,"references":["ROM 15:19"],"location_variant":null}},{"type":"Feature","geometry":{"type":"Polygon","coordinates":[[[35.79182,33.53849],[35.79182,33.54878],[35.74275,33.53849],[35.77955,33.52821],[35.79182,33.53849]]]},"properties":{"name":"Iturea","scripture_name":"Iturea","importance":4,"center":[35.76729,33.53849],"is_water":false,"references":["LUK 3:1"],"location_variant":null}},{"type":"Feature","geometry":{"type":"Polygon","coordinates":[[[32.365583,30.413807],[32.386317,30.389774],[32.391762,30.387564],[32.388575,30.383519],[32.382634,30.388253],[32.380727,30.385519],[32.395173,30.371996],[32.398322,30.356057],[32.409593,30.357608],[32.411192,30.361598],[32.415483,30.35815],[32.419045,30.35898],[32.410848,30.36329],[32.410545,30.371563],[32.41316,30.372167],[32.435364,30.357122],[32.441081,30.349831],[32.447613,30.328506],[32.443019,30.318211],[32.444523,30.304723],[32.45099,30.284125],[32.450255,30.286235],[32.454847,30.287138],[32.462148,30.278258],[32.492237,30.271281],[32.496325,30.272939],[32.49875,30.269001],[32.511892,30.267657],[32.52341,30.26115],[32.52621,30.2656],[32.530982,30.26671],[32.538768,30.264331],[32.537068,30.259846],[32.542663,30.251032],[32.562819,30.234743],[32.563329,30.221612],[32.570037,30.217894],[32.573808,30.210621],[32.575192,30.19798],[32.570745,30.164234],[32.567572,30.164415],[32.566427,30.17227],[32.563546,30.173757],[32.563139,30.191339],[32.560062,30.198488],[32.548467,30.201789],[32.538355,30.194944],[32.535726,30.196288],[32.533253,30.2072],[32.52794,30.209149],[32.529869,30.215604],[32.523941,30.217303],[32.515352,30.22599],[32.517391,30.231399],[32.522184,30.229739],[32.519687,30.231902],[32.525282,30.237746],[32.524724,30.244739],[32.500528,30.254248],[32.502035,30.260001],[32.498272,30.256199],[32.480454,30.261732],[32.471978,30.258154],[32.461275,30.263342],[32.458988,30.261467],[32.475809,30.254035],[32.471577,30.240742],[32.453659,30.231028],[32.44175,30.234087],[32.440996,30.238659],[32.432361,30.237296],[32.425958,30.259622],[32.401477,30.273893],[32.410506,30.272359],[32.407141,30.277837],[32.39429,30.276652],[32.38879,30.281029],[32.346321,30.285108],[32.348174,30.287149],[32.337605,30.295847],[32.326167,30.316827],[32.305385,30.334361],[32.30139,30.351484],[32.304232,30.352153],[32.303227,30.360999],[32.309166,30.375696],[32.305466,30.387958],[32.311032,30.402055],[32.329089,30.408597],[32.344521,30.406494],[32.33506,30.410759],[32.345367,30.408228],[32.345206,30.411945],[32.346924,30.408951],[32.353253,30.415314],[32.356362,30.412027],[32.365583,30.413807]]]},"properties":{"name":"Marah","scripture_name":"Marah","importance":4,"center":[32.43829,30.28977],"is_water":false,"references":["EXO 15:23","EXO 15:25","EXO 15:27","NUM 33:8","NUM 33:9"],"location_variant":null}},{"type":"Feature","geometry":{"type":"Polygon","coordinates":[[[35.435644,31.823862],[35.477691,31.766003],[35.618177,31.752977],[35.644946,31.799932],[35.678319,31.821102],[35.677749,31.856982],[35.627403,31.871589],[35.637515,31.892447],[35.427673,31.888487],[35.435644,31.823862]]]},"properties":{"name":"Jericho","scripture_name":"Jericho","importance":3,"center":[35.553,31.82271],"is_water":false,"references":["DEU 34:3"],"location_variant":null}},{"type":"Feature","geometry":{"type":"Point","coordinates":[34.753039,32.054481]},"properties":{"name":"Joppa","scripture_name":"Joppa","importance":3,"center":[34.753039,32.054481],"is_water":false,"references":["JOS 19:46","2CH 2:16","EZR 3:7","JON 1:3","ACT 9:36","ACT 9:38","ACT 9:42","ACT 9:43","ACT 10:5","ACT 10:8","ACT 10:23","ACT 10:32","ACT 11:5","ACT 11:13"],"location_variant":null}},{"type":"Feature","geometry":{"type":"Polygon","coordinates":[[[34.883215,32.562013],[34.855042,32.412566],[34.741444,32.044753],[34.59465,31.777872],[34.484398,31.617956],[34.539955,31.211483],[35.450015,31.243866],[35.55086,31.531459],[35.647488,31.595129],[35.596268,32.711386],[35.645996,32.866567],[35.628623,33.104068],[34.883215,32.562013]]]},"properties":{"name":"Judea","scripture_name":"Judea","importance":1,"center":[35.1,31.65],"is_water":false,"references":["MAT 2:1","MAT 2:5","MAT 2:22","MAT 3:1","MAT 3:5","MAT 4:12","MAT 4:25","MAT 19:1","MAT 24:16","MRK 1:5","MRK 3:7","MRK 10:1","MRK 13:14","LUK 1:5","LUK 1:39","LUK 1:65","LUK 2:4","LUK 3:1","LUK 4:44","LUK 5:17","LUK 6:17","LUK 7:17","LUK 21:21","LUK 23:5","LUK 23:51","JHN 3:22","JHN 4:3","JHN 4:47","JHN 4:54","JHN 7:1","JHN 7:3","JHN 11:7","JHN 11:8","JHN 11:54","ACT 1:8","ACT 2:9","ACT 2:14","ACT 8:1","ACT 9:31","ACT 10:37","ACT 10:39","ACT 11:1","ACT 11:29","ACT 12:19","ACT 15:1","ACT 21:10","ACT 26:20","ACT 28:21","ROM 15:31","2CO 1:16","GAL 1:22","1TH 2:14"],"location_variant":null}},{"type":"Feature","geometry":{"type":"Point","coordinates":[35.529517,33.111638]},"properties":{"name":"Kedesh","scripture_name":"Kedesh","importance":4,"center":[35.529517,33.111638],"is_water":false,"references":["JOS 12:22","JOS 21:32","2KI 15:29","1CH 6:76"],"location_variant":null}},{"type":"Feature","geometry":{"type":"Polygon","coordinates":[[[35.226521,31.771194],[35.226425,31.771254],[35.226178,31.771219],[35.226009,31.771178],[35.225877,31.771114],[35.225765,31.770953],[35.225701,31.770872],[35.22563,31.770469],[35.225646,31.770223],[35.225748,31.770201],[35.225911,31.770267],[35.22639,31.76966],[35.226178,31.769549],[35.226088,31.769457],[35.226429,31.769186],[35.22665,31.768919],[35.22765,31.768532],[35.227962,31.768429],[35.228058,31.768491],[35.22831,31.768459],[35.228461,31.768852],[35.228289,31.768961],[35.227421,31.769785],[35.227024,31.769776],[35.226863,31.769967],[35.227024,31.77014],[35.226681,31.770825],[35.226668,31.771002],[35.226594,31.771138],[35.226521,31.771194]]]},"properties":{"name":"Valley of Hinnom","scripture_name":"Valley of Hinnom","importance":4,"center":[35.22705,31.76984],"is_water":false,"references":["JOS 15:8","JOS 18:16","2KI 23:10","2CH 28:3","2CH 33:6","NEH 11:30","JER 2:23","JER 7:31","JER 7:32","JER 19:2","JER 19:6","JER 32:35"],"location_variant":null}},{"type":"Feature","geometry":{"type":"Polygon","coordinates":[[[48.512713,29.888485],[50.318528,30.391531],[47.43953,33.056804],[46.479474,32.485664],[48.512713,29.888485]]]},"properties":{"name":"Tigris River","scripture_name":"Tigris River","importance":3,"center":[48.399,31.47264],"is_water":false,"references":["2KI 16:9","ISA 22:6","AMO 1:5","AMO 9:7"],"location_variant":null}},{"type":"Feature","geometry":{"type":"Point","coordinates":[35.701389,31.180556]},"properties":{"name":"Kir-hareseth","scripture_name":"Kir-hareseth","importance":4,"center":[35.701389,31.180556],"is_water":false,"references":["2KI 3:25","ISA 16:7","ISA 16:11","JER 48:31","JER 48:36"],"location_variant":null}},{"type":"Feature","geometry":{"type":"LineString","coordinates":[[35.294454,32.469365],[35.293588,32.477725],[35.291229,32.481256],[35.291374,32.482767],[35.281429,32.491181],[35.280676,32.49986],[35.27569,32.505187],[35.276258,32.510449],[35.275494,32.511707],[35.277471,32.516755],[35.27729,32.518426],[35.278787,32.52024],[35.27883,32.526959],[35.274048,32.533241],[35.261775,32.535905],[35.258409,32.538867],[35.255193,32.548921],[35.256846,32.552291],[35.256262,32.556908],[35.258755,32.559781],[35.257425,32.561499],[35.257886,32.563353],[35.256223,32.565433],[35.261008,32.574926],[35.258144,32.579383],[35.257961,32.587113],[35.252114,32.5926],[35.251071,32.595927],[35.24843,32.597007],[35.246651,32.600083],[35.242807,32.601585],[35.242658,32.603912],[35.239657,32.608114],[35.235426,32.61089],[35.234826,32.613113],[35.2371,32.617794],[35.236928,32.619891],[35.231135,32.621698],[35.2265,32.626631],[35.221929,32.627644],[35.21693,32.632143],[35.21075,32.63536],[35.200515,32.63442],[35.194871,32.637926],[35.189397,32.637636],[35.187337,32.636335],[35.181007,32.636679],[35.178304,32.638016],[35.175364,32.641431],[35.168219,32.641865],[35.163098,32.646701],[35.151267,32.65229],[35.145709,32.662623],[35.139877,32.665969],[35.138269,32.668949],[35.128264,32.67664],[35.121548,32.679855],[35.118957,32.682874],[35.115095,32.68403],[35.112729,32.683243],[35.10742,32.685441],[35.105752,32.69396],[35.102739,32.698214],[35.104095,32.699951],[35.104111,32.702192],[35.101009,32.707358],[35.100541,32.715339],[35.096901,32.722501],[35.097162,32.724206],[35.100073,32.727877],[35.098544,32.729976],[35.098528,32.732498],[35.094039,32.734422],[35.09378,32.736373],[35.092492,32.737179],[35.09012,32.73684],[35.089319,32.739919],[35.086022,32.740763],[35.086354,32.743189],[35.082922,32.744596],[35.083058,32.746378],[35.080846,32.746815],[35.080692,32.749054],[35.07735,32.752921],[35.069713,32.755261],[35.064606,32.760167],[35.064133,32.762771],[35.066466,32.76493],[35.06584,32.767801],[35.064061,32.769244],[35.070204,32.772249],[35.070548,32.776541],[35.068456,32.779365],[35.066089,32.7789],[35.060417,32.781508],[35.057892,32.786155],[35.050182,32.793394],[35.048809,32.798074],[35.045834,32.801627],[35.030331,32.801841],[35.027879,32.80484],[35.02857,32.808887]]},"properties":{"name":"Kishon River","scripture_name":"Kishon River","importance":4,"center":[35.151267,32.65229],"is_water":true,"references":["JDG 4:7","JDG 4:13","JDG 5:21","1KI 18:40","PSA 83:9"],"location_variant":null}},{"type":"Feature","geometry":{"type":"Point","coordinates":[29.1075,37.835833]},"properties":{"name":"Laodicea","scripture_name":"Laodicea","importance":4,"center":[29.1075,37.835833],"is_water":false,"references":["COL 2:1","COL 4:13","COL 4:15","COL 4:16","REV 1:11","REV 3:14"],"location_variant":null}},{"type":"Feature","geometry":{"type":"Polygon","coordinates":[[[32.64653,38.16615],[33.00878,37.64466],[33.08123,37.64466],[33.22613,37.64466],[33.66083,37.81849],[32.64653,38.22409],[32.64653,38.16615]]]},"properties":{"name":"Lycaonia","scripture_name":"Lycaonia","importance":3,"center":[33.15368,37.93438],"is_water":false,"references":["ACT 14:6","ACT 14:11"],"location_variant":null}},{"type":"Feature","geometry":{"type":"Polygon","coordinates":[[[28.66014,36.686573],[28.845434,36.556098],[28.999502,36.6665],[28.952909,36.552275],[29.079566,36.504609],[29.088279,36.338844],[29.332552,36.191188],[29.447584,36.184024],[29.557863,36.077097],[29.723676,36.075177],[30.153723,36.192982],[30.199692,36.274883],[30.340439,36.238791],[30.413954,36.139106],[30.580729,36.318147],[30.543591,36.406368],[30.623273,36.594504],[30.606452,36.740654],[30.157848,37.069301],[29.305166,37.471584],[29.128275,37.342802],[28.800838,36.985517],[28.66014,36.686573]]]},"properties":{"name":"Lycia","scripture_name":"Lycia","importance":3,"center":[29.64171,36.77338],"is_water":false,"references":["ACT 27:5"],"location_variant":null}},{"type":"Feature","geometry":{"type":"Point","coordinates":[32.3384,37.6017]},"properties":{"name":"Lystra","scripture_name":"Lystra","importance":2,"center":[32.3384,37.6017],"is_water":false,"references":["ACT 14:6","ACT 14:8","ACT 14:21","ACT 16:1","ACT 16:2","2TI 3:11"],"location_variant":null}},{"type":"Feature","geometry":{"type":"Polygon","coordinates":[[[19.435595,40.392179],[20.925919,40.292434],[21.631536,39.967708],[22.690401,40.035755],[22.61989,40.113744],[22.750642,40.442579],[22.831701,40.37209],[23.251951,40.193534],[23.31789,39.929366],[23.791315,39.861007],[23.803805,39.949841],[23.41974,40.19926],[23.642845,40.188472],[23.873873,39.925472],[23.989156,39.896443],[24.092459,39.972007],[24.081142,40.096083],[23.982696,40.190757],[23.802165,40.267341],[23.904409,40.292757],[24.003015,40.265771],[24.294196,40.101079],[24.453972,40.140395],[24.38777,40.25841],[24.000989,40.494644],[23.954488,40.41691],[23.883055,40.496659],[23.978651,40.537689],[23.909404,40.595009],[23.743447,40.696574],[23.804003,40.747296],[24.045438,40.695959],[24.384515,40.824327],[24.383585,40.880592],[24.453255,40.917432],[23.865836,41.500285],[22.364147,41.878491],[22.164235,42.252529],[21.634339,41.906691],[20.477368,41.9888],[19.850333,41.98078],[19.562901,41.784367],[19.559572,41.596376],[19.428309,41.605405],[19.451865,41.547706],[19.49872,41.524938],[19.37244,41.417611],[19.419533,41.297161],[19.481821,41.281314],[19.432468,41.151737],[19.424211,41.009909],[19.371979,40.9162],[19.342793,40.817656],[19.295655,40.637131],[19.435595,40.392179]]]},"properties":{"name":"Macedonia","scripture_name":"Macedonia","importance":2,"center":[21.87481,41.05677],"is_water":false,"references":["ACT 16:9","ACT 16:10","ACT 16:12","ACT 18:5","ACT 19:21","ACT 19:22","ACT 19:29","ACT 20:1","ACT 20:3","ACT 20:6","ROM 15:26","1CO 16:5","2CO 1:16","2CO 2:13","2CO 7:5","2CO 8:1","2CO 9:2","2CO 9:4","2CO 11:9","PHP 4:15","1TH 1:7","1TH 1:8","1TH 4:10","1TI 1:3"],"location_variant":null}},{"type":"Feature","geometry":{"type":"Point","coordinates":[35.513552,32.827069]},"properties":{"name":"Magdala","scripture_name":"Magdala","importance":4,"center":[35.513552,32.827069],"is_water":false,"references":[],"location_variant":null}},{"type":"Feature","geometry":{"type":"Point","coordinates":[35.68667,32.18575]},"properties":{"name":"Mahanaim","scripture_name":"Mahanaim","importance":4,"center":[35.68667,32.18575],"is_water":false,"references":["GEN 32:2","JOS 13:26","JOS 13:30","JOS 21:38","2SA 2:8","2SA 2:10","2SA 2:12","2SA 2:29","2SA 17:24","2SA 17:27","2SA 18:23","2SA 19:32","1KI 2:8","1KI 4:14","1CH 6:80","SNG 6:13"],"location_variant":null}},{"type":"Feature","geometry":{"type":"Polygon","coordinates":[[[14.500518,35.811697],[14.515521,35.806142],[14.543007,35.811332],[14.549677,35.818053],[14.543022,35.813293],[14.546941,35.820504],[14.538819,35.821293],[14.542002,35.815962],[14.530725,35.819891],[14.533702,35.82709],[14.529903,35.830179],[14.5447,35.829277],[14.545671,35.841161],[14.562304,35.819791],[14.564001,35.834955],[14.559636,35.83775],[14.564825,35.837117],[14.563754,35.842732],[14.572736,35.84081],[14.567418,35.845109],[14.572209,35.849764],[14.563254,35.85359],[14.576492,35.86133],[14.561713,35.863559],[14.575168,35.867573],[14.550977,35.888197],[14.525315,35.898894],[14.526118,35.8876],[14.516656,35.892424],[14.520104,35.881368],[14.514132,35.891074],[14.516831,35.880927],[14.511777,35.886521],[14.496794,35.878815],[14.501549,35.880779],[14.497864,35.885096],[14.520627,35.902932],[14.497479,35.89289],[14.497323,35.896503],[14.491021,35.895012],[14.500058,35.89667],[14.495634,35.902999],[14.499139,35.907388],[14.515209,35.907094],[14.498874,35.9189],[14.493702,35.914569],[14.490074,35.919197],[14.495027,35.919438],[14.495516,35.926993],[14.48772,35.926287],[14.491088,35.930604],[14.47621,35.937954],[14.459322,35.937985],[14.454831,35.947169],[14.450009,35.943201],[14.44403,35.951964],[14.433207,35.954861],[14.421102,35.944749],[14.429789,35.960409],[14.384774,35.945168],[14.389885,35.958878],[14.396434,35.958343],[14.397123,35.967773],[14.379374,35.971473],[14.355608,35.966108],[14.349969,35.971126],[14.376058,35.987385],[14.367816,35.998196],[14.361777,35.996292],[14.364983,35.99196],[14.353443,35.991882],[14.351186,35.986693],[14.328187,35.989743],[14.334036,35.983814],[14.318908,35.97155],[14.335459,35.970304],[14.335692,35.961859],[14.341668,35.960476],[14.337888,35.958366],[14.340667,35.951741],[14.328496,35.940571],[14.344217,35.93352],[14.339017,35.927315],[14.344043,35.920915],[14.334676,35.922936],[14.332517,35.917313],[14.341137,35.906424],[14.328144,35.906351],[14.341908,35.873618],[14.354418,35.870412],[14.35283,35.867141],[14.396197,35.84285],[14.396231,35.838479],[14.415863,35.833802],[14.416739,35.828181],[14.500518,35.811697]]]},"properties":{"name":"Malta","scripture_name":"Malta","importance":2,"center":[14.4477,35.90217],"is_water":false,"references":["ACT 28:1"],"location_variant":null}},{"type":"Feature","geometry":{"type":"Point","coordinates":[31.253,29.8488]},"properties":{"name":"Memphis","scripture_name":"Memphis","importance":3,"center":[31.253,29.8488],"is_water":false,"references":["ISA 19:13","JER 2:16","JER 44:1","JER 46:14","JER 46:19","EZE 30:13","EZE 30:16","HOS 9:6"],"location_variant":null}},{"type":"Feature","geometry":{"type":"Polygon","coordinates":[[[32.099,30.64263],[32.08807,30.64214],[32.07727,30.64067],[32.0667,30.63823],[32.05649,30.63485],[32.04674,30.63057],[32.03757,30.62544],[32.02907,30.61951],[32.02134,30.61285],[32.01447,30.60553],[32.00852,30.59763],[32.00356,30.58924],[31.99965,30.58045],[31.99683,30.57136],[31.99513,30.56206],[31.99457,30.55266],[31.99515,30.54326],[31.99687,30.53396],[31.99971,30.52487],[32.00363,30.51609],[32.0086,30.5077],[32.01456,30.49981],[32.02144,30.4925],[32.02917,30.48585],[32.03766,30.47993],[32.04683,30.47481],[32.05656,30.47054],[32.06676,30.46717],[32.07731,30.46473],[32.08809,30.46326],[32.099,30.46277],[32.10991,30.46326],[32.12069,30.46473],[32.13124,30.46717],[32.14144,30.47054],[32.15117,30.47481],[32.16034,30.47993],[32.16883,30.48585],[32.17656,30.4925],[32.18344,30.49981],[32.1894,30.5077],[32.19437,30.51609],[32.19829,30.52487],[32.20113,30.53396],[32.20285,30.54326],[32.20343,30.55266],[32.20287,30.56206],[32.20117,30.57136],[32.19835,30.58045],[32.19444,30.58924],[32.18948,30.59763],[32.18353,30.60553],[32.17666,30.61285],[32.16893,30.61951],[32.16043,30.62544],[32.15126,30.63057],[32.14151,30.63485],[32.1313,30.63823],[32.12073,30.64067],[32.10993,30.64214],[32.099,30.64263]]]},"properties":{"name":"Migdol","scripture_name":"Migdol","importance":4,"center":[32.099,30.5527],"is_water":false,"references":["EXO 14:2","NUM 33:7"],"location_variant":null}},{"type":"Feature","geometry":{"type":"Point","coordinates":[27.275556,37.531111]},"properties":{"name":"Miletus","scripture_name":"Miletus","importance":3,"center":[27.275556,37.531111],"is_water":false,"references":["ACT 20:15","ACT 20:17","2TI 4:20"],"location_variant":null}},{"type":"Feature","geometry":{"type":"Polygon","coordinates":[[[35.27278,32.21743],[35.27056,32.21733],[35.26836,32.21704],[35.26621,32.21655],[35.26413,32.21588],[35.26215,32.21502],[35.26028,32.21399],[35.25855,32.21281],[35.25698,32.21148],[35.25558,32.21001],[35.25437,32.20844],[35.25336,32.20676],[35.25256,32.205],[35.25199,32.20318],[35.25164,32.20132],[35.25152,32.19944],[35.25164,32.19756],[35.25199,32.1957],[35.25256,32.19388],[35.25336,32.19213],[35.25437,32.19045],[35.25558,32.18887],[35.25698,32.18741],[35.25856,32.18608],[35.26029,32.18489],[35.26215,32.18387],[35.26413,32.18301],[35.26621,32.18234],[35.26836,32.18185],[35.27056,32.18156],[35.27278,32.18146],[35.275,32.18156],[35.2772,32.18185],[35.27935,32.18234],[35.28142,32.18301],[35.2834,32.18387],[35.28527,32.18489],[35.287,32.18608],[35.28857,32.18741],[35.28997,32.18887],[35.29118,32.19045],[35.29219,32.19213],[35.29299,32.19388],[35.29357,32.1957],[35.29392,32.19756],[35.29403,32.19944],[35.29392,32.20132],[35.29357,32.20318],[35.29299,32.205],[35.2922,32.20676],[35.29119,32.20844],[35.28998,32.21001],[35.28858,32.21148],[35.287,32.21281],[35.28527,32.21399],[35.28341,32.21502],[35.28142,32.21588],[35.27935,32.21655],[35.2772,32.21704],[35.275,32.21733],[35.27278,32.21743]]]},"properties":{"name":"Mount Gerizim","scripture_name":"Mount Gerizim","importance":4,"center":[35.27277,32.19944],"is_water":false,"references":["GEN 22:2"],"location_variant":null}},{"type":"Feature","geometry":{"type":"Point","coordinates":[35.2733,32.234]},"properties":{"name":"Mount Ebal","scripture_name":"Mount Ebal","importance":4,"center":[35.2733,32.234],"is_water":false,"references":["DEU 11:29","DEU 27:4","DEU 27:13","JOS 8:30","JOS 8:33"],"location_variant":null}},{"type":"Feature","geometry":{"type":"Point","coordinates":[35.414444,32.433889]},"properties":{"name":"Mount Gilboa","scripture_name":"Mount Gilboa","importance":4,"center":[35.414444,32.433889],"is_water":false,"references":["1SA 28:4","1SA 31:1","1SA 31:8","2SA 1:6","2SA 1:21","2SA 21:12","1CH 10:1","1CH 10:8"],"location_variant":null}},{"type":"Feature","geometry":{"type":"Point","coordinates":[35.056872,30.832057]},"properties":{"name":"Mount Hor","scripture_name":"Mount Hor","importance":4,"center":[35.056872,30.832057],"is_water":false,"references":["NUM 20:22","NUM 20:23","NUM 20:25","NUM 20:27","NUM 21:4","NUM 33:37","NUM 33:38","NUM 33:39","NUM 33:41","DEU 32:50"],"location_variant":null}},{"type":"Feature","geometry":{"type":"Point","coordinates":[35.228611,31.771667]},"properties":{"name":"Mount Zion","scripture_name":"Mount Zion","importance":4,"center":[35.228611,31.771667],"is_water":false,"references":["2KI 19:31","PSA 48:2","PSA 48:11","PSA 68:16","PSA 74:2","PSA 78:68","PSA 125:1","ISA 4:5","ISA 8:18","ISA 10:12","ISA 18:7","ISA 24:23","ISA 29:8","ISA 31:4","ISA 37:32","JER 26:18","LAM 5:18","JOE 2:32","OBA 1:17","OBA 1:21","MIC 3:12","MIC 4:1","MIC 4:7","HEB 12:22","REV 14:1"],"location_variant":null}},{"type":"Feature","geometry":{"type":"Point","coordinates":[35.75,31.766667]},"properties":{"name":"Mount Nebo","scripture_name":"Mount Nebo","importance":4,"center":[35.75,31.766667],"is_water":false,"references":["DEU 32:49","DEU 34:1"],"location_variant":null}},{"type":"Feature","geometry":{"type":"Point","coordinates":[35.245686,31.777946]},"properties":{"name":"Mount of Olives","scripture_name":"Mount of Olives","importance":4,"center":[35.245686,31.777946],"is_water":false,"references":["2SA 15:30","2SA 15:32","2SA 16:1","1KI 11:7","2KI 23:13","ZEC 14:4","MAT 21:1","MAT 24:3","MAT 26:30","MRK 11:1","MRK 13:3","MRK 14:26","LUK 19:29","LUK 19:37","LUK 21:37","LUK 22:39","JHN 8:1","ACT 1:12"],"location_variant":null}},{"type":"Feature","geometry":{"type":"Polygon","coordinates":[[[35.47591,30.60323],[35.40916,30.45801],[35.40916,30.42896],[35.47591,30.42896],[35.50929,30.48705],[35.57605,30.63228],[35.54267,30.63228],[35.50929,30.63228],[35.47591,30.60323]]]},"properties":{"name":"Mount Seir","scripture_name":"Mount Seir","importance":4,"center":[35.4926,30.53062],"is_water":false,"references":["GEN 14:6","GEN 32:3","GEN 33:14","GEN 33:16","GEN 36:8","GEN 36:9","GEN 36:30","NUM 24:18","DEU 1:2","DEU 1:44","DEU 2:1","DEU 2:4","DEU 2:5","DEU 2:8","DEU 2:12","DEU 2:22","DEU 2:29","DEU 33:2","JOS 11:17","JOS 12:7","JOS 24:4","JDG 5:4","1CH 4:42","2CH 20:10","2CH 20:22","2CH 20:23","2CH 25:11","2CH 25:14","ISA 21:11","EZE 25:8","EZE 35:2","EZE 35:3","EZE 35:7","EZE 35:15"],"location_variant":null}},{"type":"Feature","geometry":{"type":"Point","coordinates":[33.973333,28.539722]},"properties":{"name":"Mount Sinai","scripture_name":"Mount Sinai","importance":4,"center":[33.973333,28.539722],"is_water":false,"references":["EXO 16:1","EXO 19:2","EXO 19:11","EXO 19:18","EXO 19:20","EXO 19:23","EXO 24:16","EXO 31:18","EXO 34:2","EXO 34:4","EXO 34:29","EXO 34:32","LEV 7:38","LEV 25:1","LEV 26:46","LEV 27:34","NUM 3:1","NUM 28:6","DEU 33:2","DEU 33:16","JDG 5:5","NEH 9:13","PSA 68:8","PSA 68:17","ACT 7:30","ACT 7:38","GAL 4:24","GAL 4:25","HEB 12:18","HEB 12:26"],"location_variant":null}},{"type":"Feature","geometry":{"type":"Point","coordinates":[35.392917,32.68625]},"properties":{"name":"Mount Tabor","scripture_name":"Mount Tabor","importance":4,"center":[35.392917,32.68625],"is_water":false,"references":["JOS 19:22","JDG 4:6","JDG 4:12","JDG 4:14","JDG 5:13","JDG 8:18","PSA 89:12","JER 46:18","HOS 5:1"],"location_variant":null}},{"type":"Feature","geometry":{"type":"Point","coordinates":[29.985278,36.259167]},"properties":{"name":"Myra","scripture_name":"Myra","importance":3,"center":[29.985278,36.259167],"is_water":false,"references":["ACT 27:5"],"location_variant":null}},{"type":"Feature","geometry":{"type":"Polygon","coordinates":[[[27.801512,40.5876],[27.421657,40.559996],[26.718585,40.400302],[26.387443,40.19879],[26.395692,40.132468],[26.143648,40.017738],[25.908712,39.870433],[25.983335,39.438215],[26.248853,39.419664],[26.786689,39.513075],[26.488982,39.380383],[26.535102,39.270044],[26.703909,39.13046],[26.797075,38.866345],[29.355136,39.003448],[29.279805,40.438923],[27.801512,40.5876]]]},"properties":{"name":"Mysia","scripture_name":"Mysia","importance":3,"center":[27.63192,39.72697],"is_water":false,"references":["ACT 16:7","ACT 16:8"],"location_variant":null}},{"type":"Feature","geometry":{"type":"Polygon","coordinates":[[[43.81957,15.51157],[43.67064,15.36655],[43.5217,15.07651],[43.67064,14.93149],[43.81957,14.93149],[43.96851,14.93149],[44.11744,14.93149],[44.26638,14.93149],[44.41531,14.93149],[44.56425,14.93149],[44.71318,14.93149],[44.86212,14.93149],[45.01105,14.93149],[45.15999,14.93149],[45.30893,14.93149],[45.45786,14.93149],[45.6068,14.93149],[45.75573,14.93149],[45.75573,15.07651],[45.15999,15.36655],[43.81957,15.51157]]]},"properties":{"name":"Sheba","scripture_name":"Sheba","importance":3,"center":[44.63872,15.22153],"is_water":false,"references":["1KI 10:1","1KI 10:4","1KI 10:10","1KI 10:13","2CH 9:1","2CH 9:3","2CH 9:9","2CH 9:12","JOB 6:19","PSA 72:10","PSA 72:15","ISA 43:3","ISA 60:6","JER 6:20","EZE 27:22","EZE 27:23","EZE 38:13","JOE 3:8"],"location_variant":null}},{"type":"Feature","geometry":{"type":"Point","coordinates":[35.350139,32.630694]},"properties":{"name":"Nain","scripture_name":"Nain","importance":4,"center":[35.350139,32.630694],"is_water":false,"references":["LUK 7:11"],"location_variant":null}},{"type":"Feature","geometry":{"type":"Point","coordinates":[35.29769,32.70214]},"properties":{"name":"Nazareth","scripture_name":"Nazareth","importance":4,"center":[35.29769,32.70214],"is_water":false,"references":["MAT 2:23","MAT 4:13","MAT 13:54","MAT 21:11","MAT 26:71","MRK 1:9","MRK 1:24","MRK 6:1","MRK 10:47","MRK 14:67","MRK 16:6","LUK 1:26","LUK 2:4","LUK 2:39","LUK 2:43","LUK 2:51","LUK 4:16","LUK 4:34","LUK 18:37","LUK 24:19","JHN 1:45","JHN 1:46","JHN 18:5","JHN 18:7","JHN 19:19","ACT 2:22","ACT 3:6","ACT 4:10","ACT 6:14","ACT 10:38","ACT 22:8","ACT 26:9"],"location_variant":null}},{"type":"Feature","geometry":{"type":"Point","coordinates":[24.415,40.935]},"properties":{"name":"Neapolis","scripture_name":"Neapolis","importance":4,"center":[24.415,40.935],"is_water":false,"references":["ACT 16:11"],"location_variant":null}},{"type":"Feature","geometry":{"type":"Point","coordinates":[43.1528,36.3594]},"properties":{"name":"Nineveh","scripture_name":"Nineveh","importance":3,"center":[43.1528,36.3594],"is_water":false,"references":["GEN 10:11","GEN 10:12","2KI 19:36","ISA 37:37","JON 1:2","JON 3:2","JON 3:3","JON 3:4","JON 3:5","JON 3:6","JON 3:7","JON 4:11","NAH 1:1","NAH 1:8","NAH 1:11","NAH 1:14","NAH 2:1","NAH 2:5","NAH 2:7","NAH 2:8","NAH 2:9","NAH 2:11","NAH 3:1","NAH 3:4","NAH 3:7","NAH 3:11","ZEP 2:13","MAT 12:41","LUK 11:30","LUK 11:32"],"location_variant":null}},{"type":"Feature","geometry":{"type":"Polygon","coordinates":[[[39.75072,23.35901],[39.35306,22.52287],[39.35306,22.44686],[39.43259,22.44686],[39.51212,22.44686],[39.59165,22.44686],[39.67118,22.44686],[39.75072,22.44686],[39.83025,22.44686],[40.38698,22.44686],[40.62557,22.44686],[40.7051,22.52287],[39.75072,23.35901]]]},"properties":{"name":"Ophir","scripture_name":"Ophir","importance":3,"center":[40.02908,22.90293],"is_water":false,"references":["1KI 9:28","1KI 10:11","1KI 22:48","1CH 29:4","2CH 8:18","2CH 9:10","JOB 22:24","JOB 28:16","PSA 45:9","ISA 13:12"],"location_variant":null}},{"type":"Feature","geometry":{"type":"Polygon","coordinates":[[[38.69072,36.45051],[38.61803,36.45051],[38.61803,36.33198],[38.69072,36.33198],[38.76341,36.33198],[38.8361,36.33198],[38.90879,36.33198],[38.98149,36.33198],[39.05418,36.33198],[38.76341,36.45051],[38.69072,36.45051]]]},"properties":{"name":"Paddan-aram","scripture_name":"Paddan-aram","importance":4,"center":[38.83611,36.39124],"is_water":false,"references":["GEN 25:20","GEN 28:2","GEN 28:5","GEN 28:6","GEN 28:7","GEN 31:18","GEN 33:18","GEN 35:9","GEN 35:26","GEN 46:15","GEN 48:7"],"location_variant":null}},{"type":"Feature","geometry":{"type":"Polygon","coordinates":[[[30.594922,36.747688],[30.614056,36.821406],[30.693932,36.873921],[30.718114,36.841114],[31.01852,36.846882],[31.349979,36.791726],[31.369129,36.758758],[31.648997,36.644588],[31.993826,37.014471],[31.864381,37.127178],[31.577026,37.209801],[31.379267,37.249161],[31.034073,37.271603],[30.795491,37.27111],[30.43989,37.252221],[30.170358,37.07141],[30.594922,36.747688]]]},"properties":{"name":"Pamphylia","scripture_name":"Pamphylia","importance":4,"center":[31.08209,36.9581],"is_water":false,"references":["ACT 2:10","ACT 13:13","ACT 14:24","ACT 15:38","ACT 27:5"],"location_variant":null}},{"type":"Feature","geometry":{"type":"Point","coordinates":[32.404167,34.755667]},"properties":{"name":"Paphos","scripture_name":"Paphos","importance":3,"center":[32.404167,34.755667],"is_water":false,"references":["ACT 13:6","ACT 13:13"],"location_variant":null}},{"type":"Feature","geometry":{"type":"Point","coordinates":[29.314167,36.260278]},"properties":{"name":"Patara","scripture_name":"Patara","importance":3,"center":[29.314167,36.260278],"is_water":false,"references":["ACT 21:1"],"location_variant":null}},{"type":"Feature","geometry":{"type":"Polygon","coordinates":[[[26.562518,37.303414],[26.566013,37.300561],[26.574083,37.302365],[26.568647,37.309998],[26.562575,37.313733],[26.558243,37.312086],[26.556221,37.317657],[26.551766,37.317931],[26.542689,37.32488],[26.545127,37.330026],[26.552175,37.322973],[26.555298,37.326561],[26.559214,37.32495],[26.561787,37.326875],[26.554703,37.330617],[26.556403,37.332605],[26.560564,37.331083],[26.560895,37.337514],[26.555695,37.341439],[26.568826,37.343412],[26.565238,37.350005],[26.568282,37.351077],[26.571165,37.348357],[26.57426,37.350024],[26.577772,37.346765],[26.5895,37.346065],[26.598985,37.342129],[26.601947,37.33477],[26.605294,37.338244],[26.61201,37.336144],[26.614297,37.340355],[26.599372,37.347179],[26.599528,37.356744],[26.594665,37.361678],[26.596047,37.364343],[26.575116,37.367342],[26.577512,37.376844],[26.566411,37.380703],[26.568072,37.375605],[26.559565,37.374552],[26.561855,37.369655],[26.557142,37.370862],[26.557804,37.368123],[26.550763,37.366188],[26.544434,37.367403],[26.544743,37.373637],[26.532876,37.378178],[26.532495,37.362687],[26.540614,37.355786],[26.534067,37.355052],[26.534298,37.347222],[26.537482,37.343797],[26.537864,37.337302],[26.542198,37.338803],[26.545189,37.335318],[26.541757,37.332342],[26.535595,37.333087],[26.535513,37.330521],[26.532914,37.331706],[26.530948,37.328481],[26.538216,37.320828],[26.531479,37.319625],[26.533028,37.317102],[26.529201,37.31493],[26.533426,37.308358],[26.530081,37.304511],[26.531001,37.295421],[26.525532,37.294486],[26.527374,37.287951],[26.535098,37.287146],[26.542585,37.294052],[26.549261,37.290493],[26.554379,37.291189],[26.556246,37.286909],[26.547863,37.283593],[26.544412,37.284505],[26.543087,37.280858],[26.545287,37.278693],[26.541477,37.275923],[26.553287,37.273667],[26.558209,37.268901],[26.564407,37.271274],[26.572889,37.269442],[26.572315,37.282225],[26.560106,37.288516],[26.560029,37.293926],[26.562957,37.296959],[26.560183,37.297418],[26.560427,37.301903],[26.562518,37.303414]]]},"properties":{"name":"Patmos","scripture_name":"Patmos","importance":2,"center":[26.56991,37.3248],"is_water":false,"references":["REV 1:9"],"location_variant":null}},{"type":"Feature","geometry":{"type":"Point","coordinates":[35.69211,32.187016]},"properties":{"name":"Penuel","scripture_name":"Penuel","importance":4,"center":[35.69211,32.187016],"is_water":false,"references":["GEN 32:30","GEN 32:31","JDG 8:8","JDG 8:9","JDG 8:17","1KI 12:25"],"location_variant":null}},{"type":"Feature","geometry":{"type":"Point","coordinates":[30.853686,36.960353]},"properties":{"name":"Perga","scripture_name":"Perga","importance":4,"center":[30.853686,36.960353],"is_water":false,"references":["ACT 13:13","ACT 13:14","ACT 14:25"],"location_variant":null}},{"type":"Feature","geometry":{"type":"Point","coordinates":[27.18421,39.13216]},"properties":{"name":"Pergamum","scripture_name":"Pergamum","importance":3,"center":[27.18421,39.13216],"is_water":false,"references":["REV 1:11","REV 2:12"],"location_variant":null}},{"type":"Feature","geometry":{"type":"Polygon","coordinates":[[[49.4038,34.66289],[49.38119,34.94664],[49.31375,35.22554],[49.20262,35.49481],[49.04971,35.74985],[48.85763,35.98628],[48.62968,36.20008],[48.36976,36.38757],[48.0823,36.54555],[47.77223,36.67132],[47.44485,36.76273],[47.10577,36.8182],[46.76079,36.8368],[46.41581,36.8182],[46.07673,36.76273],[45.74935,36.67132],[45.43928,36.54555],[45.15182,36.38757],[44.8919,36.20008],[44.66395,35.98628],[44.47187,35.74985],[44.31896,35.49481],[44.20783,35.22554],[44.14039,34.94664],[44.11778,34.66289],[44.14039,34.37914],[44.20783,34.10024],[44.31896,33.83097],[44.47187,33.57593],[44.66395,33.3395],[44.8919,33.1257],[45.15182,32.93821],[45.43928,32.78023],[45.74935,32.65446],[46.07673,32.56305],[46.41581,32.50758],[46.76079,32.48898],[47.10577,32.50758],[47.44485,32.56305],[47.77223,32.65446],[48.0823,32.78023],[48.36976,32.93821],[48.62968,33.1257],[48.85763,33.3395],[49.04971,33.57593],[49.20262,33.83097],[49.31375,34.10024],[49.38119,34.37914],[49.4038,34.66289]]]},"properties":{"name":"Persia","scripture_name":"Persia","importance":1,"center":[46.76079,34.66289],"is_water":false,"references":["2CH 36:20","2CH 36:22","2CH 36:23","EZR 1:1","EZR 1:2","EZR 1:8","EZR 3:7","EZR 4:3","EZR 4:5","EZR 4:7","EZR 4:9","EZR 4:24","EZR 6:14","EZR 7:1","EZR 9:9","EST 1:3","EST 1:14","EST 1:18","EST 1:19","EST 10:2","EZE 27:10","EZE 38:5","DAN 8:20","DAN 10:1","DAN 10:13","DAN 10:20","DAN 11:2"],"location_variant":null}},{"type":"Feature","geometry":{"type":"Point","coordinates":[28.516667,38.35]},"properties":{"name":"Philadelphia","scripture_name":"Philadelphia","importance":4,"center":[28.516667,38.35],"is_water":false,"references":["REV 1:11","REV 3:7"],"location_variant":null}},{"type":"Feature","geometry":{"type":"Point","coordinates":[24.284576,41.012072]},"properties":{"name":"Philippi","scripture_name":"Philippi","importance":4,"center":[24.284576,41.012072],"is_water":false,"references":["ACT 16:12","ACT 20:6","PHP 1:1","1TH 2:2"],"location_variant":null}},{"type":"Feature","geometry":{"type":"Polygon","coordinates":[[[34.75318,32.05441],[34.17615,31.29657],[34.24404,31.26742],[34.27798,31.26742],[34.31192,31.26742],[34.34587,31.26742],[34.37981,31.26742],[34.41375,31.26742],[34.54952,31.29657],[34.58347,31.32571],[34.61741,31.35486],[34.65135,31.38401],[34.82107,31.64634],[34.85501,31.70464],[34.85501,31.73378],[34.85501,31.76293],[34.85501,31.79208],[34.85501,31.82123],[34.85501,31.85038],[34.85501,31.87952],[34.85501,31.90867],[34.85501,31.93782],[34.85501,31.96697],[34.85501,31.99612],[34.82107,32.05441],[34.78712,32.08356],[34.75318,32.05441]]]},"properties":{"name":"Philistia","scripture_name":"Philistia","importance":3,"center":[34.51558,31.67549],"is_water":false,"references":["EXO 15:14","JDG 10:6","1SA 31:9","2SA 8:12","1CH 10:9","1CH 18:11","2CH 26:6","PSA 60:8","PSA 83:7","PSA 87:4","PSA 108:9","ISA 9:12","ISA 11:14","ISA 14:29","ISA 14:31","JER 47:5","EZE 16:57","EZE 25:15","JOE 3:4","AMO 6:2","OBA 1:19","ZEC 9:6"],"location_variant":null}},{"type":"Feature","geometry":{"type":"Point","coordinates":[24.072222,35.2]},"properties":{"name":"Phoenix","scripture_name":"Phoenix","importance":3,"center":[24.072222,35.2],"is_water":false,"references":["ACT 27:12"],"location_variant":null}},{"type":"Feature","geometry":{"type":"Polygon","coordinates":[[[29.422478,40.232698],[29.014934,39.730082],[30.396013,38.278142],[31.020356,38.557353],[31.482226,38.213604],[31.664839,38.332653],[31.489698,39.965347],[31.528848,40.032538],[30.305669,40.000131],[29.732938,40.116946],[29.422478,40.232698]]]},"properties":{"name":"Phrygia","scripture_name":"Phrygia","importance":3,"center":[30.33989,39.22315],"is_water":false,"references":["ACT 2:10","ACT 16:6","ACT 18:23"],"location_variant":null}},{"type":"Feature","geometry":{"type":"Polygon","coordinates":[[[32.401623,30.183638],[32.436825,30.184135],[32.514122,30.217341],[32.517538,30.24258],[32.481078,30.256326],[32.466304,30.226496],[32.439357,30.231744],[32.426513,30.237436],[32.420429,30.260246],[32.390686,30.275893],[32.359868,30.258995],[32.401623,30.183638]]]},"properties":{"name":"Pi-hahiroth","scripture_name":"Pi-hahiroth","importance":4,"center":[32.4387,30.22977],"is_water":false,"references":["EXO 14:2","EXO 14:9","NUM 33:7","NUM 33:8"],"location_variant":null}},{"type":"Feature","geometry":{"type":"Polygon","coordinates":[[[31.04219,38.04889],[30.61677,37.93463],[30.68768,37.76323],[30.82948,37.64897],[30.90038,37.64897],[31.04219,37.7061],[31.184,37.76323],[31.2549,37.93463],[31.2549,37.99176],[31.2549,38.04889],[31.184,38.04889],[31.11309,38.04889],[31.04219,38.04889]]]},"properties":{"name":"Pisidia","scripture_name":"Pisidia","importance":2,"center":[30.93583,37.84893],"is_water":false,"references":["ACT 13:14","ACT 14:24"],"location_variant":null}},{"type":"Feature","geometry":{"type":"Point","coordinates":[31.963611,30.5475]},"properties":{"name":"Pithom","scripture_name":"Pithom","importance":4,"center":[31.963611,30.5475],"is_water":false,"references":["EXO 1:11"],"location_variant":null}},{"type":"Feature","geometry":{"type":"Point","coordinates":[14.120556,40.826111]},"properties":{"name":"Puteoli","scripture_name":"Puteoli","importance":3,"center":[14.120556,40.826111],"is_water":false,"references":["ACT 28:13"],"location_variant":null}},{"type":"Feature","geometry":{"type":"Polygon","coordinates":[[[35.10378,31.87191],[35.09603,31.87156],[35.08837,31.87053],[35.08087,31.86883],[35.07363,31.86646],[35.06672,31.86347],[35.06021,31.85988],[35.05419,31.85573],[35.0487,31.85107],[35.04383,31.84595],[35.0396,31.84042],[35.03609,31.83454],[35.03331,31.82839],[35.03131,31.82203],[35.0301,31.81552],[35.0297,31.80894],[35.03011,31.80236],[35.03133,31.79585],[35.03334,31.78948],[35.03612,31.78333],[35.03965,31.77746],[35.04387,31.77194],[35.04875,31.76682],[35.05424,31.76216],[35.06026,31.75802],[35.06676,31.75443],[35.07367,31.75144],[35.0809,31.74908],[35.08839,31.74738],[35.09604,31.74635],[35.10378,31.746],[35.11152,31.74635],[35.11917,31.74738],[35.12666,31.74908],[35.13389,31.75144],[35.1408,31.75443],[35.1473,31.75802],[35.15332,31.76216],[35.15881,31.76682],[35.16369,31.77194],[35.16791,31.77746],[35.17144,31.78333],[35.17422,31.78948],[35.17623,31.79585],[35.17745,31.80236],[35.17786,31.80894],[35.17746,31.81552],[35.17625,31.82203],[35.17425,31.82839],[35.17147,31.83454],[35.16796,31.84042],[35.16373,31.84595],[35.15886,31.85107],[35.15337,31.85573],[35.14735,31.85988],[35.14084,31.86347],[35.13393,31.86646],[35.12669,31.86883],[35.11919,31.87053],[35.11153,31.87156],[35.10378,31.87191]]]},"properties":{"name":"Rabbah","scripture_name":"Rabbah","importance":4,"center":[35.10378,31.80895],"is_water":false,"references":["JOS 15:60"],"location_variant":null}},{"type":"Feature","geometry":{"type":"Polygon","coordinates":[[[35.05111,31.7901],[35.05001,31.79005],[35.04891,31.78991],[35.04784,31.78966],[35.04681,31.78933],[35.04582,31.7889],[35.04489,31.78839],[35.04403,31.78779],[35.04325,31.78713],[35.04255,31.7864],[35.04195,31.78561],[35.04145,31.78477],[35.04105,31.78389],[35.04076,31.78298],[35.04059,31.78205],[35.04053,31.78111],[35.04059,31.78017],[35.04076,31.77924],[35.04105,31.77833],[35.04145,31.77745],[35.04195,31.77661],[35.04255,31.77582],[35.04325,31.77509],[35.04403,31.77443],[35.04489,31.77384],[35.04582,31.77332],[35.04681,31.7729],[35.04784,31.77256],[35.04891,31.77231],[35.05001,31.77217],[35.05111,31.77212],[35.05222,31.77217],[35.05331,31.77231],[35.05438,31.77256],[35.05541,31.7729],[35.0564,31.77332],[35.05733,31.77384],[35.05819,31.77443],[35.05897,31.77509],[35.05967,31.77582],[35.06027,31.77661],[35.06078,31.77745],[35.06117,31.77833],[35.06146,31.77924],[35.06163,31.78017],[35.06169,31.78111],[35.06163,31.78205],[35.06146,31.78298],[35.06117,31.78389],[35.06078,31.78477],[35.06027,31.78561],[35.05967,31.7864],[35.05897,31.78713],[35.05819,31.78779],[35.05733,31.78839],[35.0564,31.7889],[35.05541,31.78933],[35.05438,31.78966],[35.05331,31.78991],[35.05222,31.79005],[35.05111,31.7901]]]},"properties":{"name":"Ramah","scripture_name":"Ramah","importance":4,"center":[35.05111,31.78111],"is_water":false,"references":["JOS 19:8"],"location_variant":null}},{"type":"Feature","geometry":{"type":"Point","coordinates":[31.834217,30.79937]},"properties":{"name":"Rameses","scripture_name":"Rameses","importance":2,"center":[31.834217,30.79937],"is_water":false,"references":["GEN 47:11","EXO 1:11","EXO 12:37","NUM 33:3","NUM 33:5"],"location_variant":null}},{"type":"Feature","geometry":{"type":"Point","coordinates":[36.014988,32.499852]},"properties":{"name":"Ramoth-gilead","scripture_name":"Ramoth-gilead","importance":4,"center":[36.014988,32.499852],"is_water":false,"references":["1KI 4:13","1KI 22:3","1KI 22:4","1KI 22:6","1KI 22:12","1KI 22:15","1KI 22:20","1KI 22:29","2KI 8:28","2KI 9:1","2KI 9:4","2KI 9:14","2CH 18:2","2CH 18:3","2CH 18:5","2CH 18:11","2CH 18:14","2CH 18:19","2CH 18:28","2CH 22:5"],"location_variant":null}},{"type":"Feature","geometry":{"type":"Polygon","coordinates":[[[32.365583,30.413807],[32.386317,30.389774],[32.391762,30.387564],[32.388575,30.383519],[32.382634,30.388253],[32.380727,30.385519],[32.395173,30.371996],[32.398322,30.356057],[32.409593,30.357608],[32.411192,30.361598],[32.415483,30.35815],[32.419045,30.35898],[32.410848,30.36329],[32.410545,30.371563],[32.41316,30.372167],[32.435364,30.357122],[32.441081,30.349831],[32.447613,30.328506],[32.443019,30.318211],[32.444523,30.304723],[32.45099,30.284125],[32.450255,30.286235],[32.454847,30.287138],[32.462148,30.278258],[32.492237,30.271281],[32.496325,30.272939],[32.49875,30.269001],[32.511892,30.267657],[32.52341,30.26115],[32.52621,30.2656],[32.530982,30.26671],[32.538768,30.264331],[32.537068,30.259846],[32.542663,30.251032],[32.562819,30.234743],[32.563329,30.221612],[32.570037,30.217894],[32.573808,30.210621],[32.575192,30.19798],[32.570745,30.164234],[32.567572,30.164415],[32.566427,30.17227],[32.563546,30.173757],[32.563139,30.191339],[32.560062,30.198488],[32.548467,30.201789],[32.538355,30.194944],[32.535726,30.196288],[32.533253,30.2072],[32.52794,30.209149],[32.529869,30.215604],[32.523941,30.217303],[32.515352,30.22599],[32.517391,30.231399],[32.522184,30.229739],[32.519687,30.231902],[32.525282,30.237746],[32.524724,30.244739],[32.500528,30.254248],[32.502035,30.260001],[32.498272,30.256199],[32.480454,30.261732],[32.471978,30.258154],[32.461275,30.263342],[32.458988,30.261467],[32.475809,30.254035],[32.471577,30.240742],[32.453659,30.231028],[32.44175,30.234087],[32.440996,30.238659],[32.432361,30.237296],[32.425958,30.259622],[32.401477,30.273893],[32.410506,30.272359],[32.407141,30.277837],[32.39429,30.276652],[32.38879,30.281029],[32.346321,30.285108],[32.348174,30.287149],[32.337605,30.295847],[32.326167,30.316827],[32.305385,30.334361],[32.30139,30.351484],[32.304232,30.352153],[32.303227,30.360999],[32.309166,30.375696],[32.305466,30.387958],[32.311032,30.402055],[32.329089,30.408597],[32.344521,30.406494],[32.33506,30.410759],[32.345367,30.408228],[32.345206,30.411945],[32.346924,30.408951],[32.353253,30.415314],[32.356362,30.412027],[32.365583,30.413807]]]},"properties":{"name":"Red Sea","scripture_name":"Red Sea","importance":3,"center":[32.43829,30.28977],"is_water":false,"references":["EXO 13:18","EXO 15:4","EXO 15:22","NUM 33:8","DEU 11:4","JOS 2:10","JOS 4:23","JOS 24:6","NEH 9:9","PSA 66:6","PSA 77:16","PSA 106:7","PSA 106:9","PSA 106:22","PSA 114:3","PSA 114:5","PSA 136:13","PSA 136:15","ISA 63:11","ACT 7:36","HEB 11:29"],"location_variant":null}},{"type":"Feature","geometry":{"type":"LineString","coordinates":[[33.840388,28.596009],[33.841118,28.59591],[33.84137,28.596061],[33.843194,28.59875],[33.843483,28.598934],[33.843837,28.599381],[33.843441,28.599881],[33.843151,28.599984],[33.84314,28.600074],[33.843526,28.600832],[33.843607,28.601289],[33.843966,28.601444],[33.84447,28.601529],[33.845039,28.602184],[33.845758,28.602466],[33.846348,28.603229],[33.846552,28.603309],[33.846659,28.603582],[33.846616,28.603804],[33.847496,28.605165],[33.847721,28.605292],[33.848397,28.604991],[33.848864,28.605622],[33.84939,28.606079],[33.850023,28.606215],[33.850387,28.605895],[33.850768,28.605377],[33.851315,28.605245],[33.851734,28.60541],[33.851938,28.605994],[33.852206,28.606013],[33.85248,28.606418],[33.852555,28.60694],[33.852769,28.607152],[33.852769,28.60735],[33.853091,28.607407],[33.853327,28.607218],[33.853434,28.606644],[33.854003,28.606719],[33.854529,28.606922],[33.85506,28.606851],[33.855183,28.606634],[33.855344,28.606634],[33.855709,28.606846],[33.855988,28.606785],[33.857211,28.607482],[33.857383,28.607426],[33.85757,28.607143],[33.857844,28.607171],[33.858144,28.606729],[33.858509,28.606917],[33.85867,28.607171],[33.858622,28.607444],[33.859137,28.607958],[33.859968,28.60825],[33.860215,28.608099],[33.860344,28.607157],[33.860918,28.606884],[33.86117,28.606291],[33.861562,28.606187],[33.862345,28.606427],[33.862988,28.606422],[33.865129,28.607218],[33.865183,28.60735],[33.864952,28.608499],[33.865123,28.609187],[33.865703,28.609672],[33.866164,28.609752],[33.866486,28.610124],[33.867779,28.611061],[33.86816,28.611466],[33.868739,28.611786],[33.869281,28.611867],[33.869485,28.611758],[33.86964,28.611918],[33.870086,28.612027],[33.870617,28.611852],[33.871116,28.611438],[33.871362,28.611452],[33.871566,28.611749],[33.871786,28.612408],[33.872639,28.612592],[33.872714,28.612747],[33.873106,28.612775],[33.87354,28.612639],[33.8739,28.61279],[33.873889,28.614033],[33.874463,28.61456],[33.875032,28.614777],[33.875445,28.614725],[33.876169,28.615022],[33.87685,28.616128],[33.877344,28.616246],[33.878138,28.617753],[33.878036,28.619933],[33.878272,28.620126],[33.878717,28.619924],[33.878894,28.620522],[33.879055,28.62047],[33.879168,28.62071],[33.879586,28.621068],[33.879731,28.621393],[33.879763,28.622566],[33.880428,28.623583]]},"properties":{"name":"Rephidim","scripture_name":"Rephidim","importance":4,"center":[33.858622,28.607444],"is_water":true,"references":["EXO 17:1","EXO 17:8","EXO 19:2","NUM 33:14","NUM 33:15"],"location_variant":null}},{"type":"Feature","geometry":{"type":"Polygon","coordinates":[[[27.697546,36.145377],[27.707002,36.148533],[27.707566,36.1391],[27.713032,36.13941],[27.716366,36.131865],[27.706868,36.12023],[27.710364,36.113103],[27.736941,36.103692],[27.750184,36.105646],[27.760723,36.086068],[27.755157,36.013443],[27.731156,35.957746],[27.718253,35.940234],[27.72668,35.936797],[27.735635,35.922673],[27.734203,35.915641],[27.759605,35.903861],[27.771009,35.887098],[27.798379,35.89038],[27.81218,35.902541],[27.816957,35.901154],[27.816875,35.907118],[27.829078,35.915744],[27.845464,35.912828],[27.841779,35.916108],[27.845301,35.921821],[27.854872,35.928612],[27.86248,35.927057],[27.875696,35.948778],[27.89225,35.959037],[27.922175,36.01006],[27.953613,36.04523],[27.969186,36.046521],[27.979386,36.057074],[28.014832,36.074824],[28.036772,36.077687],[28.04818,36.074938],[28.054028,36.067557],[28.050908,36.063902],[28.066539,36.06381],[28.087067,36.054394],[28.074517,36.073484],[28.080162,36.08011],[28.09051,36.080819],[28.087663,36.087537],[28.093074,36.094347],[28.085355,36.096706],[28.099897,36.104185],[28.067929,36.107575],[28.075676,36.142906],[28.090777,36.164732],[28.101223,36.165657],[28.098104,36.175063],[28.104556,36.181643],[28.123965,36.18788],[28.136636,36.18448],[28.147495,36.226881],[28.158881,36.231156],[28.166056,36.248442],[28.175006,36.248637],[28.176008,36.253838],[28.168541,36.25467],[28.16628,36.261546],[28.174319,36.280499],[28.192922,36.308749],[28.205758,36.320713],[28.212421,36.320346],[28.209469,36.322737],[28.215928,36.327617],[28.205098,36.338267],[28.207286,36.349142],[28.223468,36.369474],[28.233357,36.371423],[28.247628,36.386841],[28.228287,36.403569],[28.233658,36.427407],[28.240887,36.432824],[28.238874,36.447587],[28.23603,36.441018],[28.232121,36.447696],[28.229422,36.443638],[28.2209,36.458409],[28.187543,36.421076],[28.155097,36.42407],[28.116495,36.418706],[28.053662,36.398],[28.009298,36.375075],[27.97648,36.365386],[27.959152,36.352741],[27.915429,36.342903],[27.878395,36.322636],[27.847959,36.285009],[27.827113,36.272418],[27.812976,36.274541],[27.805468,36.270431],[27.803277,36.258024],[27.795773,36.254831],[27.789335,36.242343],[27.788981,36.219273],[27.767348,36.188015],[27.754324,36.18772],[27.735076,36.168702],[27.684428,36.155873],[27.686423,36.146439],[27.697546,36.145377]]]},"properties":{"name":"Rhodes","scripture_name":"Rhodes","importance":3,"center":[27.96603,36.17275],"is_water":false,"references":["2CH 9:21","2CH 20:36","2CH 20:37","PSA 72:10","ISA 23:1","ISA 23:6","ISA 23:10","ISA 23:14","ISA 66:19","JER 10:9","EZE 10:9","EZE 27:12","EZE 27:25","EZE 38:13","JON 1:3","JON 4:2"],"location_variant":null}},{"type":"Feature","geometry":{"type":"Point","coordinates":[36.572623,34.459547]},"properties":{"name":"Riblah","scripture_name":"Riblah","importance":4,"center":[36.572623,34.459547],"is_water":false,"references":["2KI 23:33","2KI 25:6","2KI 25:20","2KI 25:21","JER 39:5","JER 39:6","JER 52:9","JER 52:10","JER 52:26","JER 52:27","EZE 6:14"],"location_variant":null}},{"type":"Feature","geometry":{"type":"Point","coordinates":[12.4852,41.8922]},"properties":{"name":"Rome","scripture_name":"Rome","importance":1,"center":[12.4852,41.8922],"is_water":false,"references":["ACT 2:10","ACT 18:2","ACT 19:21","ACT 19:40","ACT 23:11","ACT 25:25","ACT 25:27","ACT 28:14","ACT 28:15","ACT 28:16","ACT 28:30","ROM 1:7","ROM 1:15","ROM 15:24","2TI 1:17"],"location_variant":null}},{"type":"Feature","geometry":{"type":"Point","coordinates":[33.901944,35.184944]},"properties":{"name":"Salamis","scripture_name":"Salamis","importance":3,"center":[33.901944,35.184944],"is_water":false,"references":["ACT 13:5"],"location_variant":null}},{"type":"Feature","geometry":{"type":"Polygon","coordinates":[[[34.96765,32.40879],[34.96765,32.28887],[34.96765,32.26488],[34.96765,32.2409],[34.96765,32.21692],[34.99588,32.16895],[35.02411,32.14497],[35.19349,32.07302],[35.22172,32.07302],[35.24995,32.07302],[35.3911,32.14497],[35.47579,32.2409],[35.47579,32.26488],[35.47579,32.31285],[35.47579,32.33683],[35.47579,32.36082],[35.44756,32.3848],[35.41933,32.40879],[35.13703,32.45675],[35.02411,32.43277],[34.96765,32.40879]]]},"properties":{"name":"Samaria","scripture_name":"Samaria","importance":2,"center":[35.22172,32.26488],"is_water":false,"references":["LUK 17:11","JHN 4:4","JHN 4:5","JHN 4:7","JHN 4:9","ACT 1:8","ACT 8:1","ACT 8:5","ACT 8:9","ACT 8:14","ACT 8:25","ACT 9:31","ACT 15:3"],"location_variant":null}},{"type":"Feature","geometry":{"type":"Polygon","coordinates":[[[26.94638,37.690923],[26.953017,37.687416],[26.958492,37.690266],[26.953967,37.69147],[26.965614,37.69287],[26.980052,37.706762],[26.996105,37.707521],[27.011403,37.702857],[27.018839,37.707932],[27.037106,37.704297],[27.043163,37.710048],[27.048706,37.705752],[27.056368,37.713863],[27.060555,37.708994],[27.067323,37.711534],[27.065226,37.715205],[27.069786,37.718025],[27.065982,37.727109],[27.036532,37.728391],[27.036278,37.734083],[27.041286,37.737718],[27.039187,37.742104],[27.024146,37.752107],[27.029578,37.762846],[27.048145,37.76619],[27.068648,37.777328],[27.059342,37.779725],[27.021289,37.773379],[27.012182,37.77833],[26.998602,37.777112],[26.987249,37.784018],[26.986207,37.790663],[26.99149,37.795933],[26.977977,37.793133],[26.976312,37.785182],[26.981819,37.778827],[26.96173,37.787624],[26.951953,37.78711],[26.949003,37.782254],[26.963472,37.771306],[26.961937,37.766256],[26.970068,37.755644],[26.976763,37.754301],[26.972276,37.748323],[26.965483,37.747312],[26.958293,37.756977],[26.928239,37.771774],[26.910618,37.772397],[26.892903,37.781545],[26.882354,37.778486],[26.858182,37.796254],[26.857087,37.802689],[26.848249,37.806192],[26.741288,37.813108],[26.690634,37.795714],[26.678468,37.795713],[26.68446,37.79871],[26.672982,37.796342],[26.658614,37.790174],[26.637852,37.770025],[26.608699,37.768849],[26.59623,37.762127],[26.591458,37.751757],[26.584137,37.749287],[26.566185,37.731349],[26.585341,37.705335],[26.577967,37.69173],[26.582726,37.690181],[26.584095,37.683073],[26.590669,37.681272],[26.591409,37.675408],[26.600671,37.682912],[26.60467,37.677429],[26.615012,37.683775],[26.623388,37.680124],[26.622529,37.688352],[26.633449,37.688883],[26.631139,37.693013],[26.643339,37.70286],[26.691811,37.709827],[26.722738,37.709791],[26.730064,37.703589],[26.752762,37.696641],[26.793338,37.643088],[26.81721,37.637025],[26.832078,37.640118],[26.859504,37.636146],[26.879211,37.64039],[26.883317,37.644896],[26.882368,37.663055],[26.890684,37.673049],[26.927926,37.688579],[26.948279,37.686745],[26.942768,37.688877],[26.94638,37.690923]]]},"properties":{"name":"Samos","scripture_name":"Samos","importance":3,"center":[26.81799,37.72463],"is_water":false,"references":["ACT 20:15"],"location_variant":null}},{"type":"Feature","geometry":{"type":"Point","coordinates":[28.040278,38.488333]},"properties":{"name":"Sardis","scripture_name":"Sardis","importance":3,"center":[28.040278,38.488333],"is_water":false,"references":["REV 1:11","REV 3:1","REV 3:4"],"location_variant":null}},{"type":"Feature","geometry":{"type":"Polygon","coordinates":[[[35.13126,31.1764],[35.0983,31.17492],[35.0657,31.17049],[35.03383,31.16316],[35.00303,31.15301],[34.97365,31.14016],[34.94601,31.12474],[34.92041,31.10693],[34.89714,31.08692],[34.87644,31.06493],[34.85856,31.04121],[34.84367,31.01602],[34.83194,30.98963],[34.82351,30.96233],[34.81844,30.93443],[34.81681,30.90622],[34.81863,30.87802],[34.82387,30.85014],[34.83246,30.82289],[34.84433,30.79655],[34.85932,30.77142],[34.87729,30.74777],[34.89802,30.72586],[34.92129,30.70593],[34.94685,30.6882],[34.97442,30.67286],[35.00369,30.66007],[35.03435,30.64997],[35.06606,30.64269],[35.09848,30.63828],[35.13126,30.63681],[35.16404,30.63828],[35.19646,30.64269],[35.22817,30.64997],[35.25883,30.66007],[35.2881,30.67286],[35.31567,30.6882],[35.34122,30.70593],[35.3645,30.72586],[35.38523,30.74777],[35.40319,30.77142],[35.41819,30.79655],[35.43005,30.82289],[35.43865,30.85014],[35.44389,30.87802],[35.4457,30.90622],[35.44407,30.93443],[35.43901,30.96233],[35.43057,30.98963],[35.41885,31.01602],[35.40396,31.04121],[35.38607,31.06493],[35.36538,31.08692],[35.34211,31.10693],[35.31651,31.12474],[35.28887,31.14016],[35.25949,31.15301],[35.22869,31.16316],[35.19682,31.17049],[35.16422,31.17492],[35.13126,31.1764]]]},"properties":{"name":"Sela","scripture_name":"Sela","importance":4,"center":[35.13125,30.9066],"is_water":false,"references":["JDG 1:36","2CH 25:12"],"location_variant":null}},{"type":"Feature","geometry":{"type":"Point","coordinates":[35.281944,32.213611]},"properties":{"name":"Shechem","scripture_name":"Shechem","importance":4,"center":[35.281944,32.213611],"is_water":false,"references":["GEN 12:6","GEN 33:18","GEN 35:4","GEN 37:12","GEN 37:13","GEN 37:14","JOS 17:7","JOS 20:7","JOS 21:21","JOS 24:1","JOS 24:25","JOS 24:32","JDG 8:31","JDG 9:1","JDG 9:2","JDG 9:3","JDG 9:6","JDG 9:7","JDG 9:18","JDG 9:20","JDG 9:23","JDG 9:24","JDG 9:25","JDG 9:26","JDG 9:27","JDG 9:28","JDG 9:31","JDG 9:34","JDG 9:39","JDG 9:40","JDG 9:41","JDG 9:42","JDG 9:44","JDG 9:57","JDG 21:19","1KI 12:1","1KI 12:25","1CH 6:67","1CH 7:28","2CH 10:1","PSA 60:6","PSA 108:7","JER 41:5","HOS 6:9","ACT 7:16"],"location_variant":null}},{"type":"Feature","geometry":{"type":"Polygon","coordinates":[[[34.91332,31.56756],[34.92944,31.59513],[34.96169,31.73298],[34.97782,31.8019],[34.96169,31.81569],[34.92944,31.82947],[34.89719,31.77433],[34.84881,31.69162],[34.83269,31.66406],[34.83269,31.65027],[34.83269,31.58135],[34.84881,31.53999],[34.86494,31.53999],[34.88106,31.53999],[34.89719,31.55378],[34.91332,31.56756]]]},"properties":{"name":"Shephelah","scripture_name":"Shephelah","importance":4,"center":[34.90525,31.68473],"is_water":false,"references":["DEU 1:7","JOS 9:1","JOS 10:40","JOS 11:2","JOS 11:16","JOS 12:8","JOS 15:33","JDG 1:9","1KI 10:27","1CH 27:28","2CH 1:15","2CH 9:27","2CH 26:10","2CH 28:18","JER 17:26","JER 32:44","JER 33:13","OBA 1:19","ZEC 7:7"],"location_variant":null}},{"type":"Feature","geometry":{"type":"Point","coordinates":[35.289536,32.055703]},"properties":{"name":"Shiloh","scripture_name":"Shiloh","importance":3,"center":[35.289536,32.055703],"is_water":false,"references":["GEN 49:10","JOS 18:1","JOS 18:8","JOS 18:9","JOS 18:10","JOS 19:51","JOS 21:2","JOS 22:9","JOS 22:12","JDG 18:31","JDG 21:12","JDG 21:19","JDG 21:21","1SA 1:3","1SA 1:9","1SA 1:24","1SA 2:14","1SA 3:21","1SA 4:3","1SA 4:4","1SA 4:12","1SA 4:13","1SA 14:3","1KI 2:27","1KI 11:29","1KI 12:15","1KI 14:2","1KI 14:4","1KI 15:29","2CH 9:29","2CH 10:15","PSA 78:60","JER 7:12","JER 7:14","JER 26:6","JER 26:9","JER 41:5"],"location_variant":null}},{"type":"Feature","geometry":{"type":"Polygon","coordinates":[[[44.15765,32.09004],[44.47181,31.81713],[46.67095,31.54421],[46.67095,31.68067],[46.67095,32.09004],[45.57138,32.36296],[45.4143,32.36296],[44.78598,32.2265],[44.15765,32.09004]]]},"properties":{"name":"Shinar","scripture_name":"Shinar","importance":4,"center":[45.4143,31.95359],"is_water":false,"references":["GEN 10:10","GEN 11:2","GEN 14:1","GEN 14:9","JOS 7:21","ISA 11:11","DAN 1:2","ZEC 5:11"],"location_variant":null}},{"type":"Feature","geometry":{"type":"Point","coordinates":[35.334306,32.605633]},"properties":{"name":"Shunem","scripture_name":"Shunem","importance":4,"center":[35.334306,32.605633],"is_water":false,"references":["JOS 19:18","1SA 28:4","1KI 1:3","1KI 2:17","1KI 2:21","2KI 4:8","2KI 4:11","2KI 4:12","2KI 4:25"],"location_variant":null}},{"type":"Feature","geometry":{"type":"Point","coordinates":[35.371944,33.560985]},"properties":{"name":"Sidon","scripture_name":"Sidon","importance":4,"center":[35.371944,33.560985],"is_water":false,"references":["GEN 10:19","GEN 49:13","JOS 11:8","JOS 13:4","JOS 19:28","JDG 1:31","JDG 10:6","JDG 18:7","JDG 18:28","2SA 24:6","1KI 11:1","1KI 17:9","1CH 22:4","EZR 3:7","ISA 23:2","ISA 23:4","ISA 23:12","JER 25:22","JER 27:3","JER 47:4","EZE 27:8","EZE 28:21","EZE 28:22","JOE 3:4","ZEC 9:2","MAT 11:21","MAT 11:22","MAT 15:21","MRK 3:8","MRK 7:24","MRK 7:31","LUK 4:26","LUK 6:17","LUK 10:13","LUK 10:14","ACT 12:20","ACT 27:3"],"location_variant":null}},{"type":"Feature","geometry":{"type":"Point","coordinates":[27.137778,38.418889]},"properties":{"name":"Smyrna","scripture_name":"Smyrna","importance":3,"center":[27.137778,38.418889],"is_water":false,"references":["REV 1:11","REV 2:8"],"location_variant":null}},{"type":"Feature","geometry":{"type":"Polygon","coordinates":[[[-0.34735,39.91215],[-0.3716,40.1959],[-0.44392,40.4748],[-0.56309,40.74407],[-0.72706,40.99911],[-0.93303,41.23554],[-1.17747,41.44934],[-1.4562,41.63683],[-1.76445,41.79481],[-2.09695,41.92058],[-2.44801,42.01199],[-2.81161,42.06746],[-3.18155,42.08606],[-3.55149,42.06746],[-3.91509,42.01199],[-4.26615,41.92058],[-4.59865,41.79481],[-4.9069,41.63683],[-5.18563,41.44934],[-5.43007,41.23554],[-5.63604,40.99911],[-5.80001,40.74407],[-5.91918,40.4748],[-5.9915,40.1959],[-6.01575,39.91215],[-5.9915,39.6284],[-5.91918,39.3495],[-5.80001,39.08023],[-5.63604,38.82519],[-5.43007,38.58876],[-5.18563,38.37496],[-4.9069,38.18747],[-4.59865,38.02949],[-4.26615,37.90372],[-3.91509,37.81231],[-3.55149,37.75684],[-3.18155,37.73824],[-2.81161,37.75684],[-2.44801,37.81231],[-2.09695,37.90372],[-1.76445,38.02949],[-1.4562,38.18747],[-1.17747,38.37496],[-0.93303,38.58876],[-0.72706,38.82519],[-0.56309,39.08023],[-0.44392,39.3495],[-0.3716,39.6284],[-0.34735,39.91215]]]},"properties":{"name":"Spain","scripture_name":"Spain","importance":1,"center":[-3.18155,39.91215],"is_water":false,"references":["ROM 15:24","ROM 15:28"],"location_variant":null}},{"type":"Feature","geometry":{"type":"Point","coordinates":[35.62118,32.1966]},"properties":{"name":"Succoth (Israel)","scripture_name":"Succoth","importance":4,"center":[35.62118,32.1966],"is_water":false,"references":["GEN 33:17","JOS 13:27","JDG 8:5","JDG 8:6","JDG 8:8","JDG 8:14","JDG 8:15","JDG 8:16","1KI 7:46","2CH 4:17"],"location_variant":"israel"}},{"type":"Feature","geometry":{"type":"Polygon","coordinates":[[[32.3042,30.56469],[32.30202,30.56459],[32.29986,30.56429],[32.29775,30.56381],[32.2957,30.56313],[32.29376,30.56228],[32.29192,30.56125],[32.29022,30.56007],[32.28868,30.55873],[32.2873,30.55727],[32.28611,30.55569],[32.28512,30.55401],[32.28434,30.55226],[32.28377,30.55044],[32.28343,30.54858],[32.28332,30.5467],[32.28343,30.54482],[32.28377,30.54296],[32.28434,30.54114],[32.28512,30.53938],[32.28611,30.53771],[32.28731,30.53613],[32.28868,30.53466],[32.29023,30.53333],[32.29193,30.53215],[32.29376,30.53112],[32.29571,30.53027],[32.29775,30.52959],[32.29986,30.52911],[32.30202,30.52881],[32.3042,30.52871],[32.30638,30.52881],[32.30854,30.52911],[32.31065,30.52959],[32.31269,30.53027],[32.31464,30.53112],[32.31647,30.53215],[32.31817,30.53333],[32.31972,30.53466],[32.32109,30.53613],[32.32229,30.53771],[32.32328,30.53938],[32.32406,30.54114],[32.32463,30.54296],[32.32497,30.54482],[32.32508,30.5467],[32.32497,30.54858],[32.32463,30.55044],[32.32406,30.55226],[32.32328,30.55401],[32.32229,30.55569],[32.3211,30.55727],[32.31972,30.55873],[32.31818,30.56007],[32.31648,30.56125],[32.31464,30.56228],[32.3127,30.56313],[32.31065,30.56381],[32.30854,30.56429],[32.30638,30.56459],[32.3042,30.56469]]]},"properties":{"name":"Succoth (Egypt)","scripture_name":"Succoth","importance":4,"center":[32.3042,30.5467],"is_water":false,"references":["EXO 12:37","EXO 13:20","NUM 33:5","NUM 33:6"],"location_variant":"egypt"}},{"type":"Feature","geometry":{"type":"Point","coordinates":[48.25778,32.18922]},"properties":{"name":"Susa","scripture_name":"Susa","importance":4,"center":[48.25778,32.18922],"is_water":false,"references":["EZR 4:9","NEH 1:1","EST 1:2","EST 1:5","EST 2:3","EST 2:5","EST 2:8","EST 3:15","EST 4:8","EST 4:16","EST 8:14","EST 8:15","EST 9:6","EST 9:11","EST 9:12","EST 9:13","EST 9:14","EST 9:15","EST 9:18","DAN 8:2"],"location_variant":null}},{"type":"Feature","geometry":{"type":"Point","coordinates":[15.293056,37.063889]},"properties":{"name":"Syracuse","scripture_name":"Syracuse","importance":3,"center":[15.293056,37.063889],"is_water":false,"references":["ACT 28:12"],"location_variant":null}},{"type":"Feature","geometry":{"type":"Point","coordinates":[34.892056,36.913028]},"properties":{"name":"Tarsus","scripture_name":"Tarsus","importance":3,"center":[34.892056,36.913028],"is_water":false,"references":["2CH 9:21","2CH 20:36","2CH 20:37","PSA 72:10","ISA 23:1","ISA 23:6","ISA 23:10","ISA 23:14","ISA 66:19","JER 10:9","EZE 10:9","EZE 27:12","EZE 27:25","EZE 38:13","JON 1:3","JON 4:2"],"location_variant":null}},{"type":"Feature","geometry":{"type":"Point","coordinates":[35.21048,31.63247]},"properties":{"name":"Tekoa","scripture_name":"Tekoa","importance":4,"center":[35.21048,31.63247],"is_water":false,"references":["2SA 14:2","2SA 14:4","2SA 14:9","2SA 23:26","1CH 2:24","1CH 4:5","1CH 11:28","1CH 27:9","2CH 11:6","2CH 20:20","NEH 3:5","NEH 3:27","JER 6:1","AMO 1:1"],"location_variant":null}},{"type":"Feature","geometry":{"type":"Polygon","coordinates":[[[35.60392,31.01564],[35.57101,31.01416],[35.53847,31.00973],[35.50665,31.0024],[35.47591,30.99225],[35.44658,30.9794],[35.41898,30.96398],[35.39343,30.94617],[35.37019,30.92616],[35.34953,30.90418],[35.33168,30.88046],[35.31681,30.85526],[35.30511,30.82887],[35.29668,30.80157],[35.29163,30.77367],[35.29,30.74547],[35.29181,30.71727],[35.29704,30.68939],[35.30562,30.66213],[35.31747,30.63579],[35.33244,30.61066],[35.35037,30.58701],[35.37107,30.56511],[35.3943,30.54518],[35.41982,30.52744],[35.44734,30.5121],[35.47656,30.49931],[35.50717,30.48922],[35.53883,30.48193],[35.5712,30.47752],[35.60392,30.47605],[35.63664,30.47752],[35.66901,30.48193],[35.70067,30.48922],[35.73128,30.49931],[35.7605,30.5121],[35.78802,30.52744],[35.81354,30.54518],[35.83677,30.56511],[35.85747,30.58701],[35.8754,30.61066],[35.89037,30.63579],[35.90222,30.66213],[35.9108,30.68939],[35.91603,30.71727],[35.91784,30.74547],[35.91621,30.77367],[35.91116,30.80157],[35.90273,30.82887],[35.89103,30.85526],[35.87616,30.88046],[35.8583,30.90418],[35.83765,30.92616],[35.81441,30.94617],[35.78886,30.96398],[35.76126,30.9794],[35.73193,30.99225],[35.70119,31.0024],[35.66937,31.00973],[35.63682,31.01416],[35.60392,31.01564]]]},"properties":{"name":"Teman","scripture_name":"Teman","importance":4,"center":[35.60392,30.74585],"is_water":false,"references":["JER 49:7","JER 49:20","EZE 25:13","AMO 1:12","OBA 1:9","HAB 3:3"],"location_variant":null}},{"type":"Feature","geometry":{"type":"Point","coordinates":[32.610278,25.720556]},"properties":{"name":"Thebes","scripture_name":"Thebes","importance":3,"center":[32.610278,25.720556],"is_water":false,"references":["JER 46:25","EZE 30:14","EZE 30:15","EZE 30:16","NAH 3:8","NAH 3:10"],"location_variant":null}},{"type":"Feature","geometry":{"type":"Point","coordinates":[22.945767,40.637771]},"properties":{"name":"Thessalonica","scripture_name":"Thessalonica","importance":3,"center":[22.945767,40.637771],"is_water":false,"references":["ACT 17:1","ACT 17:11","ACT 17:13","ACT 20:4","ACT 27:2","PHP 4:16","1TH 1:1","2TH 1:1","2TI 4:10"],"location_variant":null}},{"type":"Feature","geometry":{"type":"Point","coordinates":[27.83655,38.92021]},"properties":{"name":"Thyatira","scripture_name":"Thyatira","importance":3,"center":[27.83655,38.92021],"is_water":false,"references":["ACT 16:14","REV 1:11","REV 2:18","REV 2:24"],"location_variant":null}},{"type":"Feature","geometry":{"type":"Polygon","coordinates":[[[36.250605,32.869893],[36.575677,32.832181],[36.587588,33.024459],[36.481851,33.188236],[36.32172,33.095953],[36.24618,32.987532],[36.250605,32.869893]]]},"properties":{"name":"Trachonitis","scripture_name":"Trachonitis","importance":3,"center":[36.41688,33.01021],"is_water":false,"references":["LUK 3:1"],"location_variant":null}},{"type":"Feature","geometry":{"type":"Point","coordinates":[26.158611,39.751944]},"properties":{"name":"Troas","scripture_name":"Troas","importance":3,"center":[26.158611,39.751944],"is_water":false,"references":["ACT 16:8","ACT 16:11","ACT 20:5","ACT 20:6","2CO 2:12","2TI 4:13"],"location_variant":null}},{"type":"Feature","geometry":{"type":"LineString","coordinates":[[48.148612,32.409017],[48.197856,32.400089],[48.235701,32.394195],[48.288085,32.378753],[48.356149,32.354564],[48.435174,32.288621],[48.44059,32.286075],[48.526736,32.238294],[48.634882,32.181673],[48.719176,32.088719],[48.789452,32.010912]]},"properties":{"name":"Ulai","scripture_name":"Ulai","importance":4,"center":[48.435174,32.288621],"is_water":false,"references":["DAN 8:2","DAN 8:16"],"location_variant":null}},{"type":"Feature","geometry":{"type":"Polygon","coordinates":[[[35.39448,31.760907],[35.349157,31.699308],[35.386923,31.689454],[35.418167,31.75263],[35.39448,31.760907]]]},"properties":{"name":"Valley of Achor","scripture_name":"Valley of Achor","importance":4,"center":[35.38366,31.72518],"is_water":false,"references":["JOS 7:24","JOS 7:26","JOS 15:7","ISA 65:10","HOS 2:15"],"location_variant":null}},{"type":"Feature","geometry":{"type":"Polygon","coordinates":[[[34.97776,31.8689],[34.97776,31.86641],[34.97776,31.86391],[34.97776,31.86142],[34.98069,31.86142],[34.98362,31.86142],[34.98656,31.86142],[34.98949,31.86142],[34.99242,31.86142],[34.99535,31.86142],[35.00121,31.86391],[35.00708,31.86641],[35.01294,31.8689],[35.0188,31.87139],[35.01587,31.87139],[35.01294,31.87139],[35.01001,31.87139],[35.00708,31.87139],[34.97776,31.8689]]]},"properties":{"name":"Valley of Aijalon","scripture_name":"Valley of Aijalon","importance":4,"center":[34.99828,31.86641],"is_water":false,"references":["JOS 10:12"],"location_variant":null}},{"type":"Feature","geometry":{"type":"Polygon","coordinates":[[[35.29862,32.45796],[35.349462,32.458358],[35.357195,32.467342],[35.37629,32.485041],[35.344045,32.520373],[35.38992,32.567088],[35.403528,32.634411],[35.409049,32.659945],[35.386203,32.681735],[35.370946,32.694521],[35.347554,32.692114],[35.29698,32.679897],[35.272385,32.669034],[35.238055,32.666491],[35.105695,32.66217],[35.134339,32.620408],[35.18078,32.589464],[35.181039,32.558857],[35.208211,32.539932],[35.238096,32.499001],[35.29862,32.45796]]]},"properties":{"name":"Valley of Jezreel","scripture_name":"Valley of Jezreel","importance":4,"center":[35.25737,32.57624],"is_water":false,"references":["JOS 17:16","JDG 6:33","1SA 31:7","1CH 10:7","HOS 1:5"],"location_variant":null}},{"type":"Feature","geometry":{"type":"Polygon","coordinates":[[[35.408824,31.314783],[35.305248,30.924507],[35.479241,30.90329],[35.546828,31.303317],[35.408824,31.314783]]]},"properties":{"name":"Valley of Siddim","scripture_name":"Valley of Siddim","importance":4,"center":[35.42604,31.10904],"is_water":false,"references":["GEN 14:3","GEN 14:8","GEN 14:10"],"location_variant":null}},{"type":"Feature","geometry":{"type":"LineString","coordinates":[[35.202824,31.80622],[35.19372,31.798593],[35.190153,31.79866],[35.186843,31.804388],[35.176822,31.802405],[35.172536,31.804377],[35.170584,31.798261],[35.165078,31.793853],[35.166452,31.791038],[35.164812,31.788821],[35.154576,31.784311],[35.153886,31.781901],[35.157773,31.777304],[35.156817,31.774033],[35.148492,31.773344],[35.142676,31.769269],[35.135683,31.770737],[35.136125,31.773402],[35.130198,31.771806],[35.130839,31.768819],[35.127741,31.766805],[35.127587,31.763265],[35.120368,31.763292],[35.115806,31.755515],[35.111453,31.756578],[35.110428,31.754929],[35.103473,31.757889],[35.099553,31.756493],[35.093232,31.760936],[35.091313,31.758044],[35.087999,31.759124],[35.082488,31.756029],[35.076564,31.748115],[35.072205,31.748264],[35.064509,31.753173],[35.071458,31.759548],[35.065796,31.766416],[35.049642,31.752643],[35.047006,31.756577],[35.050057,31.763241],[35.045904,31.762363],[35.039268,31.76479],[35.032806,31.760614],[35.012133,31.762964],[35.008616,31.759216],[35.00902,31.756954],[35.004615,31.756417],[34.995779,31.756646],[34.98463,31.760818],[34.980842,31.759415],[34.97517,31.760763],[34.973373,31.75839],[34.964164,31.755614],[34.942587,31.759449],[34.924764,31.769059],[34.923241,31.772926],[34.918799,31.772415],[34.915817,31.777559],[34.911418,31.778891],[34.913178,31.781787],[34.912107,31.787073],[34.908478,31.787154],[34.901855,31.792261],[34.900901,31.796307],[34.891627,31.797001],[34.883285,31.808935],[34.879257,31.808685],[34.876639,31.811376],[34.871887,31.809417],[34.867737,31.811045],[34.867728,31.808096],[34.854183,31.807576],[34.852865,31.809641],[34.849362,31.808072],[34.841875,31.810215],[34.839963,31.808068],[34.836988,31.810121],[34.827894,31.810096],[34.821693,31.816186],[34.814288,31.813502],[34.811344,31.814567],[34.802244,31.824813],[34.779208,31.827167],[34.766888,31.833746],[34.760673,31.842012],[34.760785,31.848019],[34.753618,31.857622],[34.751912,31.868478],[34.752975,31.877629],[34.75106,31.879998],[34.744978,31.879894],[34.741202,31.883865],[34.742906,31.902685],[34.746468,31.911367],[34.744628,31.915984],[34.747075,31.919873],[34.732975,31.933738],[34.725112,31.934596],[34.721521,31.940325],[34.709891,31.939392],[34.707984,31.942515]]},"properties":{"name":"Valley of Sorek","scripture_name":"Valley of Sorek","importance":4,"center":[34.97517,31.760763],"is_water":false,"references":["JDG 16:4"],"location_variant":null}},{"type":"Feature","geometry":{"type":"Polygon","coordinates":[[[35.611512,32.103548],[35.652818,32.203857],[35.626286,32.215246],[35.62046,32.244788],[35.578332,32.248071],[35.542551,32.116449],[35.611512,32.103548]]]},"properties":{"name":"Succoth","scripture_name":"Succoth","importance":4,"center":[35.59768,32.17581],"is_water":false,"references":["PSA 60:6","PSA 108:7"],"location_variant":null}},{"type":"Feature","geometry":{"type":"Polygon","coordinates":[[[35.16442,31.36265],[35.13855,31.36817],[35.14502,31.3516],[35.15148,31.3516],[35.15795,31.3516],[35.17088,31.3516],[35.17088,31.35712],[35.16442,31.36265]]]},"properties":{"name":"Wilderness of Paran","scripture_name":"Wilderness of Paran","importance":4,"center":[35.15471,31.35988],"is_water":false,"references":["1SA 23:24","1SA 23:25"],"location_variant":null}},{"type":"Feature","geometry":{"type":"Polygon","coordinates":[[[35.18223,31.4962],[35.15307,31.4763],[35.15307,31.47132],[35.1589,31.47132],[35.16473,31.47132],[35.17056,31.47132],[35.19972,31.48127],[35.20555,31.48625],[35.21721,31.50118],[35.18223,31.4962]]]},"properties":{"name":"Wilderness of Zin","scripture_name":"Wilderness of Zin","importance":4,"center":[35.18514,31.48625],"is_water":false,"references":["1SA 23:14","1SA 23:15","1SA 26:2"],"location_variant":null}},{"type":"Feature","geometry":{"type":"Point","coordinates":[35.295136,33.464227]},"properties":{"name":"Zarephath","scripture_name":"Zarephath","importance":4,"center":[35.295136,33.464227],"is_water":false,"references":["1KI 17:9","1KI 17:10","OBA 1:20","LUK 4:26"],"location_variant":null}},{"type":"Feature","geometry":{"type":"Point","coordinates":[34.6816,31.3912]},"properties":{"name":"Ziklag","scripture_name":"Ziklag","importance":4,"center":[34.6816,31.3912],"is_water":false,"references":["JOS 15:31","JOS 19:5","1SA 27:6","1SA 30:1","1SA 30:3","1SA 30:14","1SA 30:26","2SA 1:1","2SA 4:10","1CH 4:30","1CH 12:1","1CH 12:20","NEH 11:28"],"location_variant":null}}]}